id,handle,sku,composite_name,composite_sku,composite_quantity,name,description,product_category,variant_option_one_name,variant_option_one_value,variant_option_two_name,variant_option_two_value,variant_option_three_name,variant_option_three_value,tags,supply_price,retail_price,account_code,account_code_purchase,brand_name,supplier_name,supplier_code,active,track_inventory,outlet_tax_Main_Outlet,inventory_Main_Outlet,reorder_point_Main_Outlet,restock_level_Main_Outlet
8a316add-1ddf-4a0c-8036-53a46fcd52cc,blood-orange,BE-CE-BO,,,,100mg Choice Extraction Blood Orange,,Beverages,,,,,,,usecoa=1;coa_ref_0_url=/coas/beverages/BO100coa.pdf;coa_ref_0_lot=25015688;coa_ref_0_file=BO100coa.pdf,6.25,11,,,Choice Extraction,Xperience,,1,1,Default Tax,4,4,12
d0e27b90-2242-4860-b548-676ce6fb594f,strawberry-lemonade,BE-CE-SL,,,,100mg Choice Extraction Strawberry Lemonade,,Beverages,,,,,,,coa_ref_0_lot=25002796;coa_ref_0_file=SL100coa.pdf;usecoa=1;coa_ref_0_url=/coas/beverages/SL100coa.pdf,6.25,11,,,Choice Extraction,Xperience,,1,1,Default Tax,17,4,12
07f8b937-af6c-4a0a-bc61-6f9f3e00f7fa,550mg-choice-extraction-strawberry-lemonade,10106,,,,550mg Choice Extraction Strawberry Lemonade,,Beverages,,,,,,,coa_ref_0_file=SL550coa.pdf;usecoa=1;coa_ref_0_url=/coas/beverages/SL550coa.pdf;coa_ref_0_lot=25020478,12,20,,,Choice Extraction,Xperience,,1,1,Default Tax,2,,
6f3e1357-8d26-4ac5-835e-ada260b74f95,barrels-tropicana-punch--papaya,10136,,,,Barrels Tropicana Punch + Papaya,,Prerolls,,,,,,,,15,25,,,Sand Castle Hash Co.,Robert Lee,,1,1,Default Tax,15,8,32
47a05f7f-7d66-45c4-af26-ec01fffd44e1,base-biscotti-cream,FL-BISC,,,,BASE – BASE – Biscotti Cream (1/8),<p>Biscotti Cream Flower</p>,Flower / Eighth / Budget,,,,,,,,4.69,15,,,Various,,,1,1,Default Tax,86,,
86fdb78c-79c4-42c1-b69a-2c1feae3ffbc,base-cake-mera,FL-CAKM,,,,BASE – BASE – Cake Mera (1/8),<p>Cake Mera Flower</p>,Flower / Eighth / In-House,,,,,,,,7.81,20,,,Various,,,1,1,Default Tax,0,,
0882a59c-6078-4a87-a775-ba650e949b0a,base-canal-street-runtz-18-oz,FL-CANA,,,,BASE – BASE – Canal Street Runtz (1/8),,Flower / Eighth / Budget,,,,,,,,4.69,15,,,,,,1,1,Default Tax,171,,
bdd49148-4042-484f-9bf3-cd2a7f987afb,base-candy-runtz,FL-CAND,,,,BASE – BASE – Candy Runtz (1/8),<p>Candy Runtz Flower</p>,Flower / Eighth / Top Shelf,,,,,,,,9.77,25,,,Various,,,1,1,Default Tax,282.5,,
ddd9322c-2062-4c56-81c0-430ab1315ae0,base-cookie-mintz,FL-COOK,,,,BASE – BASE – Cookie Mintz (1/8),<p>Cookie Mintz Flower</p>,Flower / Eighth / In-House,,,,,,,coa=Flower-9,7.81,20,,,Various,,,1,1,Default Tax,252,,
3c7d1c01-02ff-484c-996b-727cb240be22,base-dantes-inferno,FL-DANT,,,,BASE – BASE – Dante's Inferno (1/8),<p>Dante's Inferno Flower</p>,Flower / Eighth / In-House,,,,,,,,7.81,20,,,Various,,,1,1,Default Tax,96,,
6ad058d2-8f56-435d-80e0-4c15f6c0cc08,base-doll-face-18-oz,FL-DOLL,,,,BASE – BASE – Doll Face (1/8),,Flower / Eighth / Budget,,,,,,,,4.69,15,,,,,,1,1,Default Tax,128,,
e26cb6e4-6026-413c-9d32-2e2a0bce75e5,base-don-mega-18-oz,FL-DONM,,,,BASE – BASE – Don Mega (1/8),,Flower / Eighth / Budget,,,,,,,,4.69,15,,,,,,1,1,Default Tax,128,,
645979c0-a6c9-4941-ad21-59a12cb5720d,base-donkey-kong,FL-DONK,,,,BASE – BASE – Donkey Kong (1/8),<p>Donkey Kong Flower</p>,Flower / Eighth / In-House,,,,,,,,7.81,20,,,Various,,,1,1,Default Tax,0,,
f0fd72a1-41bc-4e13-8178-4fffc52c095d,base-gas-face,FL-GASF,,,,BASE – BASE – Gas Face (1/8),<p>Gas Face Flower</p>,Flower / Eighth / In-House,,,,,,,,7.81,20,,,Various,,,1,1,Default Tax,65,,
119ee23e-5684-4cc2-884f-99471bfeb31f,base-gorilla-glue,FL-GORI,,,,BASE – BASE – Gorilla Glue (1/8),<p>Gorilla Glue Flower</p>,Flower / Eighth / Organic,,,,,,,,8.59,25,,,Various,,,1,1,Default Tax,194.5,,
ceadc358-eeed-4dec-aa63-8eb55c990f58,base-g-runtz-18-oz,FL-GRUN,,,,BASE – BASE – Gush Runtz (1/8),,Flower / Eighth / Budget,,,,,,,,4.69,15,,,Various,,,1,1,Default Tax,209,,
c225e58d-1a03-4502-9ce8-b3d4f71115df,base-halle-berry,FL-HALL,,,,BASE – BASE – Halle Berry (1/8),<p>Halle Berry Flower</p>,Flower / Eighth / In-House,,,,,,,,7.81,20,,,Various,,,1,1,Default Tax,79,,
b8d14667-ebcb-4758-8b42-5bc6def14fce,base-high-octane,FL-HIGH,,,,BASE – BASE – High Octane (1/8),<p>High Octane Flower</p>,Flower / Eighth / In-House,,,,,,,,7.81,20,,,Various,,,1,1,Default Tax,264.5,,
d77268eb-6988-48cf-8bd6-719643326dc4,base-hooch,FL-HOOC,,,,BASE – BASE – Hooch (1/8),<p>Hooch Flower</p>,Flower / Eighth / Budget,,,,,,,coa=Flower-8,4.69,15,,,Various,,,1,1,Default Tax,178,,
b80e48bf-3fa3-40c4-aa4b-326dfad02a21,base-hood-candy,FL-HOOD,,,,BASE – BASE – Hood Candy (1/8),<p>Hood Candy Flower</p>,Flower / Eighth / Top Shelf,,,,,,,,9.77,25,,,Various,,,1,1,Default Tax,278.5,,
6f5cdd5d-1d4f-4976-90e0-bc47b7f104d8,base-icc-18-oz,FL-ICC,,,,BASE – BASE – Ice Cream Cake (1/8),,Flower / Eighth / Budget,,,,,,,,4.69,15,,,Various,,,1,1,Default Tax,152,,
e820475e-d597-4f0a-8413-b49f2b161c68,base-lemon-cherry-gelato,FL-LEMO,,,,BASE – BASE – Lemon Cherry Gelato (1/8),<p>Lemon Cherry Gelato Flower</p>,Flower / Eighth / Organic,,,,,,,,8.59,25,,,Various,,,1,1,Default Tax,261.5,,
7c64a320-1ab7-40a9-b21a-34a7ebf992d7,base-lemon-cherry-sherbert-18-oz,FL-SHER,,,,BASE – BASE – Lemon Cherry Sherbert (1/8),,Flower / Eighth / Budget,,,,,,,,4.69,15,,,,,,1,1,Default Tax,69,,
4d8abaca-7aaf-462c-9731-7d097f0be0c2,base-lizard-burger,FL-LIZA,,,,BASE – BASE – Lizard Burger (1/8),<p>Lizard Burger Flower</p>,Flower / Eighth / Organic,,,,,,,,7.82,25,,,Various,Robert Lee,,1,1,Default Tax,354.5,,
639c16d4-f634-456c-901b-6d8af619fc1d,base-menage,FL-MENA,,,,BASE – BASE – Menage (1/8),<p>Menage</p>,Flower / Eighth / Top Shelf,,,,,,,coa=Flower-7,9.77,25,,,Various,,,1,1,Default Tax,261.5,,
574c2ebc-5ccc-4a1e-9777-ca333cbeb175,base-mule-fuel,FL-MULE,,,,BASE – BASE – Mule Fuel (1/8),<p>Mule Fuel Flower</p>,Flower / Eighth / In-House,,,,,,,,7.81,20,,,Various,,,1,1,Default Tax,339,,
43ac8961-182e-4a7e-9c5f-1a13ce9b9a84,base-nimbus-18-oz,FL-NIMB,,,,BASE – BASE – Nimbus Snacks (1/8),,Flower / Eighth / Budget,,,,,,,,4.69,15,,,Various,,,1,1,Default Tax,195,,
dde74227-685a-4d61-8a5e-346abcf1ec7c,base-oakland-runtz-18-oz,FL-OAKR,,,,BASE – BASE – Oakland Runtz (1/8),,Flower / Eighth / Budget,,,,,,,,4.69,15,,,,,,1,1,Default Tax,96,,
794976b1-8dab-4001-99d3-399efe0f12dd,base-omg,FL-OMG,,,,BASE – BASE – OMG (1/8),<p>OMG Flower</p>,Flower / Eighth / In-House,,,,,,,,7.81,20,,,Various,,,1,1,Default Tax,234,,
b8a8ed15-2239-461b-ba17-ed650c7f32f1,base-oreo-blizzard,FL-OREB,,,,BASE – BASE – Oreo Blizzard (1/8),<p>Oreo Blizzard Flower</p>,Flower / Eighth / In-House,,,,,,,,7.81,20,,,Various,,,1,1,Default Tax,0,,
5edf6c7c-f686-4a18-b415-ab0b2e34d553,base-oreoz,FL-OREO,,,,BASE – BASE – Oreoz (1/8),<p>Oreoz Flower</p>,Flower / Eighth / Budget,,,,,,,coa=Flower-1,4.69,15,,,Various,,,1,1,Default Tax,57,,
d9b0ae3e-2aaf-4702-b2ee-3d6e39f263f2,base-permanent-chimera,FL-PERM,,,,BASE – BASE – Permanent Chimera (1/8),<p>Permanent Chimera</p>,Flower / Eighth / Top Shelf,,,,,,,,9.77,25,,,Various,,,1,1,Default Tax,0,,
b644a5da-2ff1-4103-bf2b-acebd06f6e96,base-punch-breath,FL-PUNC,,,,BASE – BASE – Punch Breath (1/8),<p>Punch Breath Flower</p>,Flower / Eighth / In-House,,,,,,,,7.81,20,,,Various,,,1,1,Default Tax,128,,
4bf6ba27-aa51-4a28-9c14-1d59b4f80366,base-scorpian-tears,FL-SCOR,,,,BASE – BASE – Scorpian Tears (1/8),<p>Scorpian Tears Flower</p>,Flower / Eighth / Organic,,,,,,,coa=Flower-2,8.59,25,,,Various,,,1,1,Default Tax,604,,
c90e2e93-4d31-4e80-b7af-2a00928a503a,base-sunset-sherbert,FL-SUNS,,,,BASE – BASE – Sunset Sherbert (1/8),<p>Sunset Sherbert Flower</p>,Flower / Eighth / In-House,,,,,,,,7.81,20,,,Various,,,1,1,Default Tax,54,,
29ba37cc-0fea-47fc-aae2-91811b2347ce,base-superboof,FL-SUPE,,,,BASE – BASE – Superboof (1/8),<p>Superboof</p>,Flower / Eighth / Top Shelf,,,,,,,,9.77,25,,,Various,,,1,1,Default Tax,75,,
6b222feb-b425-4c9a-acd0-5b4ab7e4810c,base-truth-be-toad-18-oz,FL-TOAD,,,,BASE – BASE – Truth be Toad (1/8),,Flower / Eighth / Budget,,,,,,,,4.69,15,,,,,,1,1,Default Tax,149,,
f6e0e627-d417-41b4-9d99-eb8390ede129,base-white-runtz,FL-WHIT,,,,BASE – BASE – White Runtz (1/8),<p>White Runtz Flower</p>,Flower / Eighth / Organic,,,,,,,,8.59,25,,,Various,,,1,1,Default Tax,273,,
d9665708-c9fe-434c-a345-473de397f133,zushi-truth-be-toad-18-oz,FL-ZUSH,,,,BASE – BASE – Zushi (1/8),,Flower / Eighth / Budget,,,,,,,,4.69,15,,,,,,1,1,Default Tax,128,,
f7473cc1-ce35-4ca6-9f9c-4c0f8bc38ba3,biscotti-cream-sell-8,FLBISCE,,,,Biscotti Cream (1/8 oz),<p>Biscotti Cream Flower</p>,Flower / Eighth / Budget,,,,,,,thc=23.125%;sellable_composite=1;netwt=3.5g,4.69,15,,,Various,,,1,1,Default Tax,86,,
f7473cc1-ce35-4ca6-9f9c-4c0f8bc38ba3,,FLBISCE,BASE – BASE – Biscotti Cream (1/8),FL-BISC,1,Biscotti Cream (1/8 oz),,,,,,,,,,,,,,,,,,,,,,
2a1bffb6-bf36-497c-880a-376df74183dc,biscotti-cream-half-eighth,FLBISCH,,,,Biscotti Cream - Half Eighth (1/16 oz),<p>Biscotti Cream Flower</p>,Flower / Half-Eighth / Budget,,,,,,,,2.35,10,,,Various,,,1,0,Default Tax,0,,
2a1bffb6-bf36-497c-880a-376df74183dc,,FLBISCH,BASE – BASE – Biscotti Cream (1/8),FL-BISC,0.5,Biscotti Cream - Half Eighth (1/16 oz),,,,,,,,,,,,,,,,,,,,,,
78b3ebfc-c3fb-4b7b-b6d9-b11fae044bb0,biscotti-cream-ounce,FLBISCOZ,,,,Biscotti Cream - Ounce (1 oz),<p>Biscotti Cream Flower</p>,Flower / Ounce / Budget,,,,,,,,37.52,90,,,Various,,,1,0,Default Tax,0,,
78b3ebfc-c3fb-4b7b-b6d9-b11fae044bb0,,FLBISCOZ,BASE – BASE – Biscotti Cream (1/8),FL-BISC,8,Biscotti Cream - Ounce (1 oz),,,,,,,,,,,,,,,,,,,,,,
577e9ae9-7613-49fd-9c13-f9008466b1ad,biscotti-cream-quarter,FLBISCQ,,,,Biscotti Cream - Quarter (1/4 oz),<p>Biscotti Cream Flower</p>,Flower / Quarter / Budget,,,,,,,,9.38,25,,,Various,,,1,0,Default Tax,0,,
577e9ae9-7613-49fd-9c13-f9008466b1ad,,FLBISCQ,BASE – BASE – Biscotti Cream (1/8),FL-BISC,2,Biscotti Cream - Quarter (1/4 oz),,,,,,,,,,,,,,,,,,,,,,
015c3062-b6ef-4d7d-858d-394a2100f2f1,blazy-susan-cones---1-14,10111,,,,"Blazy Susan Cones - 1 1/4""",,Tobacco / Cones,,,,,,,,0,5,,,Blazy Susan,,,1,0,Default Tax,0,,
52f3b40d-abe2-4afd-a77c-fcd407cd4cbd,blink-camo-lighter,10097,,,,Blink Camo Lighter,,Accessories / Lighters,,,,,,,,0.4,2,,,Blink,MJ Wholesale,,1,1,Default Tax,46,20,50
8f5c7c0e-7e66-48cb-b92a-869824703bb1,blockbuster-preroll,10141,,,,Blockbuster Preroll,,Prerolls,,,,,,,,5,9,,,Concrete Jungle,Robert Lee,,1,1,Default Tax,32,12,36
cb370896-a7e0-45c4-9263-0555512b1bcb,brown-butter-bliss-cookie,10139,,,,Brown Butter Bliss Cookie,,Edibles / Baked Goods / Cookies,,,,,,,,7.5,15,,,Hapy Kitchen,Robert Lee,,1,1,Default Tax,5,2,20
7e215d7b-d12f-446d-8396-bc5c0250961b,butane,10132,,,,Butane,,Other / Glass/Accessories,,,,,,,,3.09,5,,,Spozer,Amazon,,1,1,Default Tax,11,4,12
f40b9cdb-ae5e-4fc3-8b9e-8036206c84c4,cake-mera,FLCAKME,,,,Cake Mera (1/8 oz),<p>Cake Mera Flower</p>,Flower / Eighth / In-House,,,,,,,coa_ref_0_file=2603CCH0347.1726%20-%20Vulcan%20LLC%20-%20Cake%20Mera.pdf;coa_ref_0_lot=2603CCH0347.1726;usecoa=1;sellable_composite=1;netwt=3.5g;thc=21.243;coa_ref_0_url=/coas/flower/2603CCH0347.1726%20-%20Vulcan%20LLC%20-%20Cake%20Mera.pdf,7.81,20,,,Various,,,1,1,Default Tax,0,,
f40b9cdb-ae5e-4fc3-8b9e-8036206c84c4,,FLCAKME,BASE – BASE – Cake Mera (1/8),FL-CAKM,1,Cake Mera (1/8 oz),,,,,,,,,,,,,,,,,,,,,,
fc5268da-b4c7-4b50-a406-4ec84083ac92,cake-mera-ounce,FLCAKMOZ,,,,Cake Mera - Ounce (1 oz),<p>Cake Mera Flower</p>,Flower / Ounce / In-House,,,,,,,,62.48,130,,,Various,,,1,1,Default Tax,0,,
fc5268da-b4c7-4b50-a406-4ec84083ac92,,FLCAKMOZ,BASE – BASE – Cake Mera (1/8),FL-CAKM,8,Cake Mera - Ounce (1 oz),,,,,,,,,,,,,,,,,,,,,,
1e4f0067-6aa1-4561-a83e-4ccd0f5e45b3,cake-mera-quarter,FLCAKMQ,,,,Cake Mera - Quarter (1/4 oz),<p>Cake Mera Flower</p>,Flower / Quarter / In-House,,,,,,,,15.62,35,,,Various,,,1,1,Default Tax,0,,
1e4f0067-6aa1-4561-a83e-4ccd0f5e45b3,,FLCAKMQ,BASE – BASE – Cake Mera (1/8),FL-CAKM,2,Cake Mera - Quarter (1/4 oz),,,,,,,,,,,,,,,,,,,,,,
a410eb01-1bcd-47e1-babf-b2ee09c3bb8e,canal-street-runtz-18-oz-sell-8,FLCANAE,,,,Canal Street Runtz (1/8 oz),,Flower / Eighth / Budget,,,,,,,coa_ref_0_file=Canal%20St%20Runtz%2011.5.25%20COA.pdf;coa_ref_0_url=/coas/flower/Canal%20St%20Runtz%2011.5.25%20COA.pdf;usecoa=1;sellable_composite=1;netwt=3.5g;thc=31.13%;coa_ref_0_lot=47440122-8,4.69,15,,,Various,,,1,1,Default Tax,171,,
a410eb01-1bcd-47e1-babf-b2ee09c3bb8e,,FLCANAE,BASE – BASE – Canal Street Runtz (1/8),FL-CANA,1,Canal Street Runtz (1/8 oz),,,,,,,,,,,,,,,,,,,,,,
0cffa4d9-209f-468e-a854-1e9b5621a088,canal-street-runtz---half-eighth-116-oz,FLCANAH,,,,Canal Street Runtz - Half Eighth (1/16 oz),,Flower / Half-Eighth / Budget,,,,,,,,2.35,10,,,,,,1,0,Default Tax,0,,
0cffa4d9-209f-468e-a854-1e9b5621a088,,FLCANAH,BASE – BASE – Canal Street Runtz (1/8),FL-CANA,0.5,Canal Street Runtz - Half Eighth (1/16 oz),,,,,,,,,,,,,,,,,,,,,,
3c8ec8a6-dda9-41fe-a539-fae801e56e44,canal-street-runtz---ounce-1-oz,FLCANAOZ,,,,Canal Street Runtz - Ounce (1 oz),,Flower / Ounce / Budget,,,,,,,,37.52,90,,,,,,1,0,Default Tax,0,,
3c8ec8a6-dda9-41fe-a539-fae801e56e44,,FLCANAOZ,BASE – BASE – Canal Street Runtz (1/8),FL-CANA,8,Canal Street Runtz - Ounce (1 oz),,,,,,,,,,,,,,,,,,,,,,
b42c4865-e28a-473a-bb4d-727557a333c5,canal-street-runtz---quarter-14-oz,FLCANAQ,,,,Canal Street Runtz - Quarter (1/4 oz),,Flower / Quarter / Budget,,,,,,,,9.38,25,,,,,,1,0,Default Tax,0,,
b42c4865-e28a-473a-bb4d-727557a333c5,,FLCANAQ,BASE – BASE – Canal Street Runtz (1/8),FL-CANA,2,Canal Street Runtz - Quarter (1/4 oz),,,,,,,,,,,,,,,,,,,,,,
cbb0e715-f483-43ca-a699-62f2ac38b63c,candy-runtz-sell-8,FLCANDE,,,,Candy Runtz (1/8 oz),<p>Candy Runtz Flower</p>,Flower / Eighth / Top Shelf,,,,,,,coa_ref_0_file=Candy%20Runtz.pdf;usecoa=1;thc=27.059%;coa_ref_0_lot=2503PHS0585.2693;sellable_composite=1;coa_ref_0_url=/coas/flower/Candy%20Runtz.pdf;netwt=3.5g,9.77,25,,,Various,,,1,1,Default Tax,282,,
cbb0e715-f483-43ca-a699-62f2ac38b63c,,FLCANDE,BASE – BASE – Candy Runtz (1/8),FL-CAND,1,Candy Runtz (1/8 oz),,,,,,,,,,,,,,,,,,,,,,
b1afef2d-b0d3-4f67-a36c-f633d4c051e7,candy-runtz-half-eighth,FLCANDH,,,,Candy Runtz - Half Eighth (1/16 oz),<p>Candy Runtz Flower</p>,Flower / Half-Eighth / Top Shelf,,,,,,,,4.89,15,,,Various,,,1,0,Default Tax,0,,
b1afef2d-b0d3-4f67-a36c-f633d4c051e7,,FLCANDH,BASE – BASE – Candy Runtz (1/8),FL-CAND,0.5,Candy Runtz - Half Eighth (1/16 oz),,,,,,,,,,,,,,,,,,,,,,
f591f615-4c48-409d-8be8-1fb1ee809611,candy-runtz-ounce,FLCANDOZ,,,,Candy Runtz - Ounce (1 oz),<p>Candy Runtz Flower</p>,Flower / Ounce / Top Shelf,,,,,,,,78.16,150,,,Various,,,1,0,Default Tax,0,,
f591f615-4c48-409d-8be8-1fb1ee809611,,FLCANDOZ,BASE – BASE – Candy Runtz (1/8),FL-CAND,8,Candy Runtz - Ounce (1 oz),,,,,,,,,,,,,,,,,,,,,,
9fbdf99e-4a6e-4c69-a1e9-c7c1f27a903a,candy-runtz-quarter,FLCANDQ,,,,Candy Runtz - Quarter (1/4 oz),<p>Candy Runtz Flower</p>,Flower / Quarter / Top Shelf,,,,,,,,19.54,45,,,Various,,,1,0,Default Tax,0,,
9fbdf99e-4a6e-4c69-a1e9-c7c1f27a903a,,FLCANDQ,BASE – BASE – Candy Runtz (1/8),FL-CAND,2,Candy Runtz - Quarter (1/4 oz),,,,,,,,,,,,,,,,,,,,,,
a4ab6f29-99d4-4f97-a559-d2463c899533,cereal-milk-live-resin,10140,,,,Cereal Milk Live Resin,,Concentrates / Live Resin,,,,,,,,8,12,,,Sand Castle Hash Co.,Robert Lee,,1,1,Default Tax,20,10,20
7d3dc3a7-05f4-4b6d-8a59-f5bfe8867f7d,choast-1-14,10088,,,,Choast,,Other / Wrap Products,Size,6ct 1-1/4,,,,,,1,3,,,Choast,Choast,1-1/4,1,1,Default Tax,88,,
cfd3c6fe-0726-4e5d-bce6-738fad4968fe,choast-1-14,10089,,,,Choast,,Other / Wrap Products,Size,3ct King,,,,,,1,3,,,Choast,Choast,1-1/4,1,1,Default Tax,81,,
b6f3fa9c-5ce5-4285-b54d-63980eeddae8,choast-1-14,10090,,,,Choast,,Other / Wrap Products,Size,32ct 1-1/4,,,,,,4,8,,,Choast,Choast,1-1/4,1,1,Default Tax,18,,
c013b1ef-f6c6-4184-888d-b18760a76b3b,chocolate-brownie,10148,,,,Chocolate Brownie,,Edibles / Baked Goods / Brownies/Blondies,,,,,,,,7.5,15,,,Hapy Kitchen,Robert Lee,,1,1,Default Tax,19,5,20
44b448c2-dae0-4b53-a5a2-19c3b0cd26b2,chocolate-supreme-cookie,10138,,,,Chocolate Supreme Cookie,,Edibles / Baked Goods / Cookies,,,,,,,,7.5,15,,,Hapy Kitchen,Robert Lee,,1,1,Default Tax,4,2,20
4c6b50c5-5721-4775-901c-e01a8c03dd09,citrus-tincture,14093,,,,Citrus Uplift Tincture,,Edibles / Tinctures,,,,,,,,40,70,,,Hapy Kitchen,Robert Lee,,1,1,Default Tax,10,5,20
c502dfd2-39c2-4ed4-a0ef-11e43e7e84e5,clipper-classic-lighter,10098,,,,Clipper Classic Lighter,"<p>091585045807</p>
<p> </p>",Accessories / Lighters,,,,,,,,0.67,2.5,,,Clipper,MJ Wholesale,8891,1,1,Default Tax,37,10,48
66a76cf0-f267-4d69-b786-703950a17830,clipper-jet-lighter,10099,,,,Clipper Jet Lighter,,Accessories / Lighters,,,,,,,,1.11,4,,,Clipper,MJ Wholesale,HZCLIPJ8TSOLID48,1,1,Default Tax,39,10,48
b14acebb-72d6-43ac-82c9-3387165f27fb,cloudz-grinder,10096,,,,Cloudz Grinder,,Accessories / Grinders,,,,,,,,10,20,,,Cloudz,MJ Wholesale,,1,1,Default Tax,4,,
23a5a195-4eab-45fe-949e-575aee09c059,coffee-toffee-dark-chocolate-bar,10146,,,,Coffee Toffee Dark Chocolate Bar,,Edibles / Confectionary / Chocolate Bars,,,,,,,,9,15,,,Hapy Kitchen,Robert Lee,,1,1,Default Tax,5,5,20
71826309-186d-4625-af7b-9809c6433434,cookie-mintz-sell-8,FLCOOKE,,,,Cookie Mintz (1/8 oz),<p>Cookie Mintz Flower</p>,Flower / Eighth / In-House,,,,,,,coa=Flower-9;coa_ref_0_lot=2509CCH0798.4943;usecoa=1;sellable_composite=1;netwt=3.5g;thc=28.09%;coa_ref_0_url=/coas/flower/2509CCH0798.4943%20-%20Caroux%20Holdings%20LLC%20-%20Flower%209%20-%20Cookie%20Mintz.pdf;coa_ref_0_file=2509CCH0798.4943%20-%20Caroux%20Holdings%20LLC%20-%20Flower%209%20-%20Cookie%20Mintz.pdf,7.81,20,,,Various,,,1,1,Default Tax,252,,
71826309-186d-4625-af7b-9809c6433434,,FLCOOKE,BASE – BASE – Cookie Mintz (1/8),FL-COOK,1,Cookie Mintz (1/8 oz),,,,,,,,,,,,,,,,,,,,,,
21fc1375-dd62-443e-83e8-b8d437eec208,cookie-mintz-half-eighth,FLCOOKH,,,,Cookie Mintz - Half Eighth (1/16 oz),<p>Cookie Mintz Flower</p>,Flower / Half-Eighth / In-House,,,,,,,,3.9,12,,,Various,,,1,0,Default Tax,0,,
21fc1375-dd62-443e-83e8-b8d437eec208,,FLCOOKH,BASE – BASE – Cookie Mintz (1/8),FL-COOK,0.5,Cookie Mintz - Half Eighth (1/16 oz),,,,,,,,,,,,,,,,,,,,,,
e20da383-ea80-413a-811a-79114f571b64,cookie-mintz-ounce,FLCOOKOZ,,,,Cookie Mintz - Ounce (1 oz),<p>Cookie Mintz Flower</p>,Flower / Ounce / In-House,,,,,,,,62.48,130,,,Various,,,1,0,Default Tax,0,,
e20da383-ea80-413a-811a-79114f571b64,,FLCOOKOZ,BASE – BASE – Cookie Mintz (1/8),FL-COOK,8,Cookie Mintz - Ounce (1 oz),,,,,,,,,,,,,,,,,,,,,,
1d52fa3a-0219-423f-9d79-af1eb62ca32e,cookie-mintz-quarter,FLCOOKQ,,,,Cookie Mintz - Quarter (1/4 oz),<p>Cookie Mintz Flower</p>,Flower / Quarter / In-House,,,,,,,,15.62,35,,,Various,,,1,0,Default Tax,0,,
1d52fa3a-0219-423f-9d79-af1eb62ca32e,,FLCOOKQ,BASE – BASE – Cookie Mintz (1/8),FL-COOK,2,Cookie Mintz - Quarter (1/4 oz),,,,,,,,,,,,,,,,,,,,,,
e55f9c8e-d810-4043-88a8-3bf3dea52b5c,dantes-inferno-sell-8,FLDANTE,,,,Dante's Inferno (1/8 oz),<p>Dante's Inferno Flower</p>,Flower / Eighth / In-House,,,,,,,usecoa=1;coa_ref_0_lot=2503PHS0562.2562;sellable_composite=1;netwt=3.5g;coa_ref_0_url=/coas/flower/2503PHS0562.2562%20-%20Go%20North%20Hemp%20-%20Dante%27s%20Inferno.pdf;coa_ref_0_file=2503PHS0562.2562%20-%20Go%20North%20Hemp%20-%20Dante%27s%20Inferno.pdf;thc=23.623,7.81,20,,,Various,,,1,1,Default Tax,96,,
e55f9c8e-d810-4043-88a8-3bf3dea52b5c,,FLDANTE,BASE – BASE – Dante's Inferno (1/8),FL-DANT,1,Dante's Inferno (1/8 oz),,,,,,,,,,,,,,,,,,,,,,
239dd32b-4687-40d8-9e67-28c5a0b06bb5,dantes-inferno-half-eighth,FLDANTH,,,,Dante's Inferno - Half Eighth (1/16 oz),<p>Dante's Inferno Flower</p>,Flower / Half-Eighth / In-House,,,,,,,,3.9,12,,,Various,,,1,1,Default Tax,192,,
239dd32b-4687-40d8-9e67-28c5a0b06bb5,,FLDANTH,BASE – BASE – Dante's Inferno (1/8),FL-DANT,0.5,Dante's Inferno - Half Eighth (1/16 oz),,,,,,,,,,,,,,,,,,,,,,
7c840107-f2f4-4c18-93c8-f1375a4b53ff,dantes-inferno-ounce,FLDANTOZ,,,,Dante's Inferno - Ounce (1 oz),<p>Dante's Inferno Flower</p>,Flower / Ounce / In-House,,,,,,,,62.48,130,,,Various,,,1,1,Default Tax,12,,
7c840107-f2f4-4c18-93c8-f1375a4b53ff,,FLDANTOZ,BASE – BASE – Dante's Inferno (1/8),FL-DANT,8,Dante's Inferno - Ounce (1 oz),,,,,,,,,,,,,,,,,,,,,,
07226758-7d0c-4e2e-a326-48fd549259a4,dantes-inferno-quarter,FLDANTQ,,,,Dante's Inferno - Quarter (1/4 oz),<p>Dante's Inferno Flower</p>,Flower / Quarter / In-House,,,,,,,,15.62,35,,,Various,,,1,1,Default Tax,48,,
07226758-7d0c-4e2e-a326-48fd549259a4,,FLDANTQ,BASE – BASE – Dante's Inferno (1/8),FL-DANT,2,Dante's Inferno - Quarter (1/4 oz),,,,,,,,,,,,,,,,,,,,,,
e0c1bac4-9a29-43f3-affd-0194cc69b7de,deez-nuts-ashtray,10100,,,,Deez Nuts Ashtray,,Accessories / Ashtrays,,,,,,,,4,10,,,Deez Nuts,MJ Wholesale,DNZ-ASH-6PK,1,1,Default Tax,5,,
b54bf0be-da82-4c34-aaab-540ff3e0f056,doll-face-18-oz-sell-8,FLDOLLE,,,,Doll Face (1/8 oz),,Flower / Eighth / Budget,,,,,,,thc=33.46%;usecoa=1;sellable_composite=1;netwt=3.5g;coa_ref_0_url=/coas/flower/Doll%20Face%2010.19%20COA.pdf;coa_ref_0_lot=46840119-17;coa_ref_0_file=Doll%20Face%2010.19%20COA.pdf,4.69,15,,,Various,,,1,1,Default Tax,322,,
b54bf0be-da82-4c34-aaab-540ff3e0f056,,FLDOLLE,BASE – BASE – Doll Face (1/8),FL-DOLL,1,Doll Face (1/8 oz),,,,,,,,,,,,,,,,,,,,,,
45ca9e75-7ed9-4b40-86da-ee8d84778586,doll-face---half-eighth-116-oz,FLDOLLH,,,,Doll Face - Half Eighth (1/16 oz),,Flower / Half-Eighth / Budget,,,,,,,,2.35,10,,,Various,,,1,1,Default Tax,256,,
45ca9e75-7ed9-4b40-86da-ee8d84778586,,FLDOLLH,BASE – BASE – Doll Face (1/8),FL-DOLL,0.5,Doll Face - Half Eighth (1/16 oz),,,,,,,,,,,,,,,,,,,,,,
525f6dbf-52af-4f44-8a59-fa082bd38b34,doll-face---ounce-1-oz,FLDOLLOZ,,,,Doll Face - Ounce (1 oz),,Flower / Ounce / Budget,,,,,,,,37.52,90,,,Various,,,1,1,Default Tax,16,,
525f6dbf-52af-4f44-8a59-fa082bd38b34,,FLDOLLOZ,BASE – BASE – Doll Face (1/8),FL-DOLL,8,Doll Face - Ounce (1 oz),,,,,,,,,,,,,,,,,,,,,,
c1ac069c-755b-482d-b4a8-90df5a19fe58,doll-face---quarter-14-oz,FLDOLLQ,,,,Doll Face - Quarter (1/4 oz),,Flower / Quarter / Budget,,,,,,,,9.38,25,,,Various,,,1,1,Default Tax,64,,
c1ac069c-755b-482d-b4a8-90df5a19fe58,,FLDOLLQ,BASE – BASE – Doll Face (1/8),FL-DOLL,2,Doll Face - Quarter (1/4 oz),,,,,,,,,,,,,,,,,,,,,,
4649645e-344a-49c2-b7d1-b71511192353,don-mega-18-oz-sell-8,FLDONME,,,,Don Mega (1/8 oz),,Flower / Eighth / Budget,,,,,,,coa_ref_0_lot=46840119-18;usecoa=1;coa_ref_0_url=/coas/flower/Don%20Mega%2010.19%20COA.pdf;sellable_composite=1;netwt=3.5g;coa_ref_0_file=Don%20Mega%2010.19%20COA.pdf;thc=34.53%,4.69,15,,,Various,,,1,1,Default Tax,195,,
4649645e-344a-49c2-b7d1-b71511192353,,FLDONME,BASE – BASE – Don Mega (1/8),FL-DONM,1,Don Mega (1/8 oz),,,,,,,,,,,,,,,,,,,,,,
89e34621-7c5f-4b9f-87c3-d7e49b422462,don-mega---half-eighth-116-oz,FLDONMH,,,,Don Mega - Half Eighth (1/16 oz),,Flower / Half-Eighth / Budget,,,,,,,,2.35,10,,,,,,1,1,Default Tax,256,,
89e34621-7c5f-4b9f-87c3-d7e49b422462,,FLDONMH,BASE – BASE – Don Mega (1/8),FL-DONM,0.5,Don Mega - Half Eighth (1/16 oz),,,,,,,,,,,,,,,,,,,,,,
a863e506-29f9-4550-9a4d-b3ef91fdf800,don-mega---ounce-1-oz,FLDONMOZ,,,,Don Mega - Ounce (1 oz),,Flower / Ounce / Budget,,,,,,,,37.52,90,,,,,,1,1,Default Tax,16,,
a863e506-29f9-4550-9a4d-b3ef91fdf800,,FLDONMOZ,BASE – BASE – Don Mega (1/8),FL-DONM,8,Don Mega - Ounce (1 oz),,,,,,,,,,,,,,,,,,,,,,
660e5061-f790-471c-9438-06f5c769e115,don-mega---quarter-14-oz,FLDONMQ,,,,Don Mega - Quarter (1/4 oz),,Flower / Quarter / Budget,,,,,,,,9.38,25,,,,,,1,1,Default Tax,64,,
660e5061-f790-471c-9438-06f5c769e115,,FLDONMQ,BASE – BASE – Don Mega (1/8),FL-DONM,2,Don Mega - Quarter (1/4 oz),,,,,,,,,,,,,,,,,,,,,,
2beed27f-77f4-4afe-9436-65153747d1ac,donkey-kong,FLDONKE,,,,Donkey Kong (1/8 oz),<p>Donkey Kong Flower</p>,Flower / Eighth / In-House,,,,,,,coa_ref_0_lot=2603CCH0347.1731;coa_ref_0_file=donkey-kong.pdf;thc=22.430;usecoa=1;coa_ref_0_url=/coas/flower/donkey-kong.pdf;sellable_composite=1;netwt=3.5g,7.81,20,,,Various,,,1,1,Default Tax,0,,
2beed27f-77f4-4afe-9436-65153747d1ac,,FLDONKE,BASE – BASE – Donkey Kong (1/8),FL-DONK,1,Donkey Kong (1/8 oz),,,,,,,,,,,,,,,,,,,,,,
2b68339d-d334-407e-ae8f-74997e0fb9d8,donkey-kong-ounce,FLDONKOZ,,,,Donkey Kong - Ounce (1 oz),<p>Donkey Kong Flower</p>,Flower / Ounce / In-House,,,,,,,,62.48,130,,,Various,,,1,1,Default Tax,0,,
2b68339d-d334-407e-ae8f-74997e0fb9d8,,FLDONKOZ,BASE – BASE – Donkey Kong (1/8),FL-DONK,8,Donkey Kong - Ounce (1 oz),,,,,,,,,,,,,,,,,,,,,,
09a3e5fe-8764-4f21-aa02-ae982927099c,donkey-kong-quarter,FLDONKQ,,,,Donkey Kong - Quarter (1/4 oz),<p>Donkey Kong Flower</p>,Flower / Quarter / In-House,,,,,,,,15.62,35,,,Various,,,1,1,Default Tax,0,,
09a3e5fe-8764-4f21-aa02-ae982927099c,,FLDONKQ,BASE – BASE – Donkey Kong (1/8),FL-DONK,2,Donkey Kong - Quarter (1/4 oz),,,,,,,,,,,,,,,,,,,,,,
9a6b8d1b-5ac5-4953-af8b-cd4499ebf380,endo-grinder,10101,,,,Endo Grinder,,Accessories / Grinders,,,,,,,,10.42,25,,,Endo Grndz,MJ Wholesale,8NDO-70006,1,1,Default Tax,6,,
d18d2fe2-9c1f-4e62-8127-0ea9fd71ab49,gas-face-sell-8,FLGASFE,,,,Gas Face (1/8 oz),<p>Gas Face Flower</p>,Flower / Eighth / In-House,,,,,,,coa_ref_0_file=gas-face.pdf;thc=28.089;coa_ref_0_url=/coas/flower/gas-face.pdf;coa_ref_0_lot=2503PHS0480.2023;usecoa=1;sellable_composite=1;netwt=3.5g,7.81,20,,,Various,,,1,1,Default Tax,65,,
d18d2fe2-9c1f-4e62-8127-0ea9fd71ab49,,FLGASFE,BASE – BASE – Gas Face (1/8),FL-GASF,1,Gas Face (1/8 oz),,,,,,,,,,,,,,,,,,,,,,
4177822c-80a9-414c-9a72-75b84e11a4e6,gas-face-half-eighth,FLGASFH,,,,Gas Face - Half Eighth (1/16 oz),<p>Gas Face Flower</p>,Flower / Half-Eighth / In-House,,,,,,,,3.9,12,,,Various,,,1,1,Default Tax,130,,
4177822c-80a9-414c-9a72-75b84e11a4e6,,FLGASFH,BASE – BASE – Gas Face (1/8),FL-GASF,0.5,Gas Face - Half Eighth (1/16 oz),,,,,,,,,,,,,,,,,,,,,,
e7676c22-4a82-421a-b908-d428bfb4a1f2,gas-face-ounce,FLGASFOZ,,,,Gas Face - Ounce (1 oz),<p>Gas Face Flower</p>,Flower / Ounce / In-House,,,,,,,,62.48,130,,,Various,,,1,1,Default Tax,8,,
e7676c22-4a82-421a-b908-d428bfb4a1f2,,FLGASFOZ,BASE – BASE – Gas Face (1/8),FL-GASF,8,Gas Face - Ounce (1 oz),,,,,,,,,,,,,,,,,,,,,,
7352dadd-5298-494d-9b18-3c1b662d6596,gas-face-quarter,FLGASFQ,,,,Gas Face - Quarter (1/4 oz),<p>Gas Face Flower</p>,Flower / Quarter / In-House,,,,,,,,15.62,35,,,Various,,,1,1,Default Tax,32,,
7352dadd-5298-494d-9b18-3c1b662d6596,,FLGASFQ,BASE – BASE – Gas Face (1/8),FL-GASF,2,Gas Face - Quarter (1/4 oz),,,,,,,,,,,,,,,,,,,,,,
006713f3-fc7d-4667-b057-885334628610,gorilla-glue-sell-8,FLGORIE,,,,Gorilla Glue (1/8 oz),<p>Gorilla Glue Flower</p>,Flower / Eighth / Organic,,,,,,,coa_ref_0_url=/coas/flower/gorilla-glue.pdf;thc=41.492%;coa_ref_0_lot=2508CCH0656.4261;usecoa=1;coa_ref_0_file=gorilla-glue.pdf;sellable_composite=1;netwt=3.5g,8.59,25,,,Various,,,1,1,Default Tax,194,,
006713f3-fc7d-4667-b057-885334628610,,FLGORIE,BASE – BASE – Gorilla Glue (1/8),FL-GORI,1,Gorilla Glue (1/8 oz),,,,,,,,,,,,,,,,,,,,,,
05022dff-7955-4e74-9b92-4dd0195ebc92,gorilla-glue-half-eighth,FLGORIH,,,,Gorilla Glue - Half Eighth (1/16 oz),<p>Gorilla Glue Flower</p>,Flower / Half-Eighth / Organic,,,,,,,,4.3,15,,,Various,,,1,0,Default Tax,0,,
05022dff-7955-4e74-9b92-4dd0195ebc92,,FLGORIH,BASE – BASE – Gorilla Glue (1/8),FL-GORI,0.5,Gorilla Glue - Half Eighth (1/16 oz),,,,,,,,,,,,,,,,,,,,,,
42c9691c-d8ea-4864-a53c-1b5c946447ef,gorilla-glue-ounce,FLGORIOZ,,,,Gorilla Glue - Ounce (1 oz),<p>Gorilla Glue Flower</p>,Flower / Ounce / Organic,,,,,,,,68.72,150,,,Various,,,1,0,Default Tax,0,,
42c9691c-d8ea-4864-a53c-1b5c946447ef,,FLGORIOZ,BASE – BASE – Gorilla Glue (1/8),FL-GORI,8,Gorilla Glue - Ounce (1 oz),,,,,,,,,,,,,,,,,,,,,,
c0b6a254-502b-4fe8-b18b-2181190686f3,gorilla-glue-quarter,FLGORIQ,,,,Gorilla Glue - Quarter (1/4 oz),<p>Gorilla Glue Flower</p>,Flower / Quarter / Organic,,,,,,,,17.18,45,,,Various,,,1,0,Default Tax,0,,
c0b6a254-502b-4fe8-b18b-2181190686f3,,FLGORIQ,BASE – BASE – Gorilla Glue (1/8),FL-GORI,2,Gorilla Glue - Quarter (1/4 oz),,,,,,,,,,,,,,,,,,,,,,
8aea44c8-3f1e-4d25-b39a-e8d163f0871a,g-runtz-18-oz-sell-8,FLGRUNE,,,,Gush Runtz (1/8 oz),,Flower / Eighth / Budget,,,,,,,coa_ref_0_lot=47441121-12;usecoa=1;sellable_composite=1;netwt=3.5g;coa_ref_0_url=/coas/flower/Gruntz%2011.5.25%20COA.pdf;coa_ref_0_file=Gruntz%2011.5.25%20COA.pdf;thc=31.61%,4.69,15,,,Various,,,1,1,Default Tax,209,,
8aea44c8-3f1e-4d25-b39a-e8d163f0871a,,FLGRUNE,BASE – BASE – Gush Runtz (1/8),FL-GRUN,1,Gush Runtz (1/8 oz),,,,,,,,,,,,,,,,,,,,,,
8389aa46-4a45-4178-ab6c-8c55156ec926,g-runtz---half-eighth-116-oz,FLGRUNH,,,,Gush Runtz - Half Eighth (1/16 oz),,Flower / Half-Eighth / Budget,,,,,,,,2.35,10,,,Various,,,1,0,Default Tax,0,,
8389aa46-4a45-4178-ab6c-8c55156ec926,,FLGRUNH,BASE – BASE – Gush Runtz (1/8),FL-GRUN,0.5,Gush Runtz - Half Eighth (1/16 oz),,,,,,,,,,,,,,,,,,,,,,
08b25429-2f8a-4f92-bf93-22b682459901,g-runtz---ounce-1-oz,FLGRUNOZ,,,,Gush Runtz - Ounce (1 oz),,Flower / Ounce / Budget,,,,,,,,37.52,90,,,Various,,,1,0,Default Tax,0,,
08b25429-2f8a-4f92-bf93-22b682459901,,FLGRUNOZ,BASE – BASE – Gush Runtz (1/8),FL-GRUN,8,Gush Runtz - Ounce (1 oz),,,,,,,,,,,,,,,,,,,,,,
a9003805-85d0-4f16-a421-7712c9f0db4d,g-runtz---quarter-14-oz,FLGRUNQ,,,,Gush Runtz - Quarter (1/4 oz),,Flower / Quarter / Budget,,,,,,,,9.38,25,,,Various,,,1,0,Default Tax,0,,
a9003805-85d0-4f16-a421-7712c9f0db4d,,FLGRUNQ,BASE – BASE – Gush Runtz (1/8),FL-GRUN,2,Gush Runtz - Quarter (1/4 oz),,,,,,,,,,,,,,,,,,,,,,
33370c9f-986b-44f2-9c64-339155f5beec,halle-berry-sell-8,FLHALLE,,,,Halle Berry (1/8 oz),<p>Halle Berry Flower</p>,Flower / Eighth / In-House,,,,,,,coa_ref_0_file=Halle%20Berry.pdf;coa_ref_0_url=/coas/flower/Halle%20Berry.pdf;usecoa=1;sellable_composite=1;netwt=3.5g;coa_ref_0_lot=2503PHS0562.2563;thc=31.845%,7.81,20,,,Various,,,1,1,Default Tax,79,,
33370c9f-986b-44f2-9c64-339155f5beec,,FLHALLE,BASE – BASE – Halle Berry (1/8),FL-HALL,1,Halle Berry (1/8 oz),,,,,,,,,,,,,,,,,,,,,,
85cd7714-0b95-44d9-a64e-07d089b48b44,halle-berry-half-eighth,FLHALLH,,,,Halle Berry - Half Eighth (1/16 oz),<p>Halle Berry Flower</p>,Flower / Half-Eighth / In-House,,,,,,,,3.9,12,,,Various,,,1,0,Default Tax,0,,
85cd7714-0b95-44d9-a64e-07d089b48b44,,FLHALLH,BASE – BASE – Halle Berry (1/8),FL-HALL,0.5,Halle Berry - Half Eighth (1/16 oz),,,,,,,,,,,,,,,,,,,,,,
bc440445-128e-4b98-ab06-7a7174c7a8f1,halle-berry-ounce,FLHALLOZ,,,,Halle Berry - Ounce (1 oz),<p>Halle Berry Flower</p>,Flower / Ounce / In-House,,,,,,,,62.48,130,,,Various,,,1,0,Default Tax,0,,
bc440445-128e-4b98-ab06-7a7174c7a8f1,,FLHALLOZ,BASE – BASE – Halle Berry (1/8),FL-HALL,8,Halle Berry - Ounce (1 oz),,,,,,,,,,,,,,,,,,,,,,
6858a765-9bec-40a8-a3cd-3292589916fb,halle-berry-quarter,FLHALLQ,,,,Halle Berry - Quarter (1/4 oz),<p>Halle Berry Flower</p>,Flower / Quarter / In-House,,,,,,,,15.62,35,,,Various,,,1,0,Default Tax,0,,
6858a765-9bec-40a8-a3cd-3292589916fb,,FLHALLQ,BASE – BASE – Halle Berry (1/8),FL-HALL,2,Halle Berry - Quarter (1/4 oz),,,,,,,,,,,,,,,,,,,,,,
84bea0cc-ac3b-4f70-837c-151d3c1ece4b,half--half,BE-HZ-HNH,,,,Haze Half & Half,,Beverages,,,,,,,usecoa=1;coa_ref_0_url=/coas/beverages/Haze%20COAs.pdf;coa_ref_0_file=Haze%20COAs.pdf;coa_ref_0_lot=HZPE101,5.25,8,,,Haze,Xperience,,1,1,Default Tax,20,4,12
6658b2d2-fbb5-43dc-8905-086937a4e3c8,peach-tea,BE-HZ-PT,,,,Haze Peach Tea,,Beverages,,,,,,,coa_ref_0_lot=HZHH102;usecoa=1;coa_ref_0_url=/coas/beverages/Haze%20COAs.pdf;coa_ref_0_file=Haze%20COAs.pdf,5.25,8,,,Haze,Xperience,,1,1,Default Tax,31,4,12
17bdfa8e-676f-4a9e-82ec-907123601145,high-octane-sell-8,FLHIGHE,,,,High Octane (1/8 oz),<p>High Octane Flower</p>,Flower / Eighth / In-House,,,,,,,thc=23.94%;coa_ref_0_url=/coas/flower/High%20Octane.pdf;coa_ref_0_file=High%20Octane.pdf;usecoa=1;sellable_composite=1;netwt=3.5g;coa_ref_0_lot=2503PHS0562.2567,7.81,20,,,Various,,,1,1,Default Tax,264,,
17bdfa8e-676f-4a9e-82ec-907123601145,,FLHIGHE,BASE – BASE – High Octane (1/8),FL-HIGH,1,High Octane (1/8 oz),,,,,,,,,,,,,,,,,,,,,,
832df19e-6bcc-472e-ae9f-6648cff8f02b,high-octane-half-eighth,FLHIGHH,,,,High Octane - Half Eighth (1/16 oz),<p>High Octane Flower</p>,Flower / Half-Eighth / In-House,,,,,,,,3.9,12,,,Various,,,1,0,Default Tax,0,,
832df19e-6bcc-472e-ae9f-6648cff8f02b,,FLHIGHH,BASE – BASE – High Octane (1/8),FL-HIGH,0.5,High Octane - Half Eighth (1/16 oz),,,,,,,,,,,,,,,,,,,,,,
56f82c7a-5a25-4caa-ab98-4162ae07182b,high-octane-ounce,FLHIGHOZ,,,,High Octane - Ounce (1 oz),<p>High Octane Flower</p>,Flower / Ounce / In-House,,,,,,,,62.48,130,,,Various,,,1,0,Default Tax,0,,
56f82c7a-5a25-4caa-ab98-4162ae07182b,,FLHIGHOZ,BASE – BASE – High Octane (1/8),FL-HIGH,8,High Octane - Ounce (1 oz),,,,,,,,,,,,,,,,,,,,,,
c3f97659-6e9c-4e33-8e5f-12e8df5b61c0,high-octane-quarter,FLHIGHQ,,,,High Octane - Quarter (1/4 oz),<p>High Octane Flower</p>,Flower / Quarter / In-House,,,,,,,,15.62,35,,,Various,,,1,0,Default Tax,0,,
c3f97659-6e9c-4e33-8e5f-12e8df5b61c0,,FLHIGHQ,BASE – BASE – High Octane (1/8),FL-HIGH,2,High Octane - Quarter (1/4 oz),,,,,,,,,,,,,,,,,,,,,,
b2167888-4c36-42ff-a07d-6c2dbbed6879,hooch-sell-8,FLHOOCE,,,,Hooch (1/8 oz),<p>Hooch Flower</p>,Flower / Eighth / Budget,,,,,,,coa_ref_0_file=2509CCH0798.4942%20-%20Caroux%20Holdings%20LLC%20-%20Flower%208%20-%20Hooch.pdf;coa_ref_0_lot=2509CCH0798.4942;coa=Flower-8;usecoa=1;sellable_composite=1;netwt=3.5g;coa_ref_0_url=/coas/flower/2509CCH0798.4942%20-%20Caroux%20Holdings%20LLC%20-%20Flower%208%20-%20Hooch.pdf;thc=28.496%,4.69,15,,,Various,,,1,1,Default Tax,178,,
b2167888-4c36-42ff-a07d-6c2dbbed6879,,FLHOOCE,BASE – BASE – Hooch (1/8),FL-HOOC,1,Hooch (1/8 oz),,,,,,,,,,,,,,,,,,,,,,
cdba98ef-189d-46cf-8eb3-301ab419e49e,hooch-half-eighth,FLHOOCH,,,,Hooch - Half Eighth (1/16 oz),<p>Hooch Flower</p>,Flower / Half-Eighth / Budget,,,,,,,,2.35,10,,,Various,,,1,0,Default Tax,0,,
cdba98ef-189d-46cf-8eb3-301ab419e49e,,FLHOOCH,BASE – BASE – Hooch (1/8),FL-HOOC,0.5,Hooch - Half Eighth (1/16 oz),,,,,,,,,,,,,,,,,,,,,,
0b9e2434-7259-459e-919f-642f92c1efb2,hooch-ounce,FLHOOCOZ,,,,Hooch - Ounce (1 oz),<p>Hooch Flower</p>,Flower / Ounce / Budget,,,,,,,,37.52,90,,,Various,,,1,0,Default Tax,0,,
0b9e2434-7259-459e-919f-642f92c1efb2,,FLHOOCOZ,BASE – BASE – Hooch (1/8),FL-HOOC,8,Hooch - Ounce (1 oz),,,,,,,,,,,,,,,,,,,,,,
16c7cac7-d7ae-40d3-97f7-97c6dcc638e2,hooch-quarter,FLHOOCQ,,,,Hooch - Quarter (1/4 oz),<p>Hooch Flower</p>,Flower / Quarter / Budget,,,,,,,,9.38,25,,,Various,,,1,0,Default Tax,0,,
16c7cac7-d7ae-40d3-97f7-97c6dcc638e2,,FLHOOCQ,BASE – BASE – Hooch (1/8),FL-HOOC,2,Hooch - Quarter (1/4 oz),,,,,,,,,,,,,,,,,,,,,,
e1421d54-13ba-47f1-afdd-c195ffb507d8,hood-candy-sell-8,FLHOODE,,,,Hood Candy (1/8 oz),<p>Hood Candy Flower</p>,Flower / Eighth / Top Shelf,,,,,,,coa_ref_0_lot=2410PHS1465.6582;usecoa=1;thc=25.254%;sellable_composite=1;netwt=3.5g;coa_ref_0_file=Hood%20Candy.pdf;coa_ref_0_url=/coas/flower/Hood%20Candy.pdf,9.77,25,,,Various,,,1,1,Default Tax,278,,
e1421d54-13ba-47f1-afdd-c195ffb507d8,,FLHOODE,BASE – BASE – Hood Candy (1/8),FL-HOOD,1,Hood Candy (1/8 oz),,,,,,,,,,,,,,,,,,,,,,
e4d1f06b-6e89-4c7d-9964-4a8355630fbe,hood-candy-half-eighth,FLHOODH,,,,Hood Candy - Half Eighth (1/16 oz),<p>Hood Candy Flower</p>,Flower / Half-Eighth / Top Shelf,,,,,,,,4.89,15,,,Various,,,1,0,Default Tax,0,,
e4d1f06b-6e89-4c7d-9964-4a8355630fbe,,FLHOODH,BASE – BASE – Hood Candy (1/8),FL-HOOD,0.5,Hood Candy - Half Eighth (1/16 oz),,,,,,,,,,,,,,,,,,,,,,
46f2802d-289a-40a1-b471-fa7eabcb3f76,hood-candy-ounce,FLHOODOZ,,,,Hood Candy - Ounce (1 oz),<p>Hood Candy Flower</p>,Flower / Ounce / Top Shelf,,,,,,,,78.16,150,,,Various,,,1,0,Default Tax,0,,
46f2802d-289a-40a1-b471-fa7eabcb3f76,,FLHOODOZ,BASE – BASE – Hood Candy (1/8),FL-HOOD,8,Hood Candy - Ounce (1 oz),,,,,,,,,,,,,,,,,,,,,,
0a521bf8-42af-4a97-9a13-9e973a4650fa,hood-candy-quarter,FLHOODQ,,,,Hood Candy - Quarter (1/4 oz),<p>Hood Candy Flower</p>,Flower / Quarter / Top Shelf,,,,,,,,19.54,45,,,Various,,,1,0,Default Tax,0,,
0a521bf8-42af-4a97-9a13-9e973a4650fa,,FLHOODQ,BASE – BASE – Hood Candy (1/8),FL-HOOD,2,Hood Candy - Quarter (1/4 oz),,,,,,,,,,,,,,,,,,,,,,
c3c99b53-6375-435c-b92c-83893cf94992,hoodie,10080,,,,Hoodie,,Apparel / Hoodie,,,,,,,,0,40,,,,,,1,0,Default Tax,0,,
3732dab6-3490-4565-9fa2-eaf6e7e69313,icc-18-oz-sell-8,FLICCE,,,,Ice Cream Cake (1/8 oz),,Flower / Eighth / Budget,,,,,,,thc=32.38%;usecoa=1;sellable_composite=1;netwt=3.5g;coa_ref_0_file=ICC%2011.5.25%20COA.pdf;coa_ref_0_url=/coas/flower/ICC%2011.5.25%20COA.pdf;coa_ref_0_lot=46541674-3,4.69,15,,,Various,,,1,1,Default Tax,152,,
3732dab6-3490-4565-9fa2-eaf6e7e69313,,FLICCE,BASE – BASE – Ice Cream Cake (1/8),FL-ICC,1,Ice Cream Cake (1/8 oz),,,,,,,,,,,,,,,,,,,,,,
92d5b8c2-de20-4e70-9e96-a1c93d225bc8,icc---half-eighth-116-oz,FLICCH,,,,Ice Cream Cake - Half Eighth (1/16 oz),,Flower / Half-Eighth / Budget,,,,,,,,2.35,10,,,Various,,,1,0,Default Tax,0,,
92d5b8c2-de20-4e70-9e96-a1c93d225bc8,,FLICCH,BASE – BASE – Ice Cream Cake (1/8),FL-ICC,0.5,Ice Cream Cake - Half Eighth (1/16 oz),,,,,,,,,,,,,,,,,,,,,,
679bd5f3-8656-43a4-969a-1ac992b68176,icc---ounce-1-oz,FLICCOZ,,,,Ice Cream Cake - Ounce (1 oz),,Flower / Ounce / Budget,,,,,,,,37.52,90,,,Various,,,1,0,Default Tax,0,,
679bd5f3-8656-43a4-969a-1ac992b68176,,FLICCOZ,BASE – BASE – Ice Cream Cake (1/8),FL-ICC,8,Ice Cream Cake - Ounce (1 oz),,,,,,,,,,,,,,,,,,,,,,
b8864327-43fb-4256-8ddf-16718976b6f2,icc---quarter-14-oz,FLICCQ,,,,Ice Cream Cake - Quarter (1/4 oz),,Flower / Quarter / Budget,,,,,,,,9.38,25,,,Various,,,1,0,Default Tax,0,,
b8864327-43fb-4256-8ddf-16718976b6f2,,FLICCQ,BASE – BASE – Ice Cream Cake (1/8),FL-ICC,2,Ice Cream Cake - Quarter (1/4 oz),,,,,,,,,,,,,,,,,,,,,,
b0726d46-a33d-4cc3-92f1-724c1193781e,lemon-cherry-gelato-sell-8,FLLEMOE,,,,Lemon Cherry Gelato (1/8 oz),<p>Lemon Cherry Gelato Flower</p>,Flower / Eighth / Organic,,,,,,,coa_ref_0_lot=2508CCH0672.4356;usecoa=1;sellable_composite=1;netwt=3.5g;coa_ref_0_file=2508CCH0672.4356%20-%20Caroux%20Holdings%20LLC%20-%20Lemon%20Cherry%20Gelato.pdf;coa_ref_0_url=/coas/flower/2508CCH0672.4356%20-%20Caroux%20Holdings%20LLC%20-%20Lemon%20Cherry%20Gelato.pdf;thc=26.049%,8.59,25,,,Various,,,1,1,Default Tax,261,,
b0726d46-a33d-4cc3-92f1-724c1193781e,,FLLEMOE,BASE – BASE – Lemon Cherry Gelato (1/8),FL-LEMO,1,Lemon Cherry Gelato (1/8 oz),,,,,,,,,,,,,,,,,,,,,,
ab426094-3c4b-446d-8fe0-5eade13112dc,lemon-cherry-gelato-half-eighth,FLLEMOH,,,,Lemon Cherry Gelato - Half Eighth (1/16 oz),<p>Lemon Cherry Gelato Flower</p>,Flower / Half-Eighth / Organic,,,,,,,,4.3,15,,,Various,,,1,0,Default Tax,0,,
ab426094-3c4b-446d-8fe0-5eade13112dc,,FLLEMOH,BASE – BASE – Lemon Cherry Gelato (1/8),FL-LEMO,0.5,Lemon Cherry Gelato - Half Eighth (1/16 oz),,,,,,,,,,,,,,,,,,,,,,
b0709c57-f3c7-4c90-814a-bfc74e37063e,lemon-cherry-gelato-ounce,FLLEMOOZ,,,,Lemon Cherry Gelato - Ounce (1 oz),<p>Lemon Cherry Gelato Flower</p>,Flower / Ounce / Organic,,,,,,,,68.72,150,,,Various,,,1,0,Default Tax,0,,
b0709c57-f3c7-4c90-814a-bfc74e37063e,,FLLEMOOZ,BASE – BASE – Lemon Cherry Gelato (1/8),FL-LEMO,8,Lemon Cherry Gelato - Ounce (1 oz),,,,,,,,,,,,,,,,,,,,,,
ff6c1dae-0815-4ab7-82da-e388452bf43c,lemon-cherry-gelato-quarter,FLLEMOQ,,,,Lemon Cherry Gelato - Quarter (1/4 oz),<p>Lemon Cherry Gelato Flower</p>,Flower / Quarter / Organic,,,,,,,,17.18,45,,,Various,,,1,0,Default Tax,0,,
ff6c1dae-0815-4ab7-82da-e388452bf43c,,FLLEMOQ,BASE – BASE – Lemon Cherry Gelato (1/8),FL-LEMO,2,Lemon Cherry Gelato - Quarter (1/4 oz),,,,,,,,,,,,,,,,,,,,,,
47e3c889-9717-49c6-8940-ea93a7e99beb,lemon-cherry-sherbert-18-oz-sell-8,FLSHERE,,,,Lemon Cherry Sherbert (1/8 oz),,Flower / Eighth / Budget,,,,,,,coa_ref_0_file=Lemon_Cherry_Sherbet%2011.5.25%20COA.pdf;coa_ref_0_url=/coas/flower/Lemon_Cherry_Sherbet%2011.5.25%20COA.pdf;usecoa=1;thc=29.36%;sellable_composite=1;netwt=3.5g;coa_ref_0_lot=6750219-6,4.69,15,,,Various,,,1,1,Default Tax,69,,
47e3c889-9717-49c6-8940-ea93a7e99beb,,FLSHERE,BASE – BASE – Lemon Cherry Sherbert (1/8),FL-SHER,1,Lemon Cherry Sherbert (1/8 oz),,,,,,,,,,,,,,,,,,,,,,
aa2f2063-47d7-4a3a-acaa-c7853347179d,lemon-cherry-sherbert---half-eighth-116-oz,FLSHERH,,,,Lemon Cherry Sherbert - Half Eighth (1/16 oz),,Flower / Half-Eighth / Budget,,,,,,,,2.35,10,,,,,,1,0,Default Tax,0,,
aa2f2063-47d7-4a3a-acaa-c7853347179d,,FLSHERH,BASE – BASE – Lemon Cherry Sherbert (1/8),FL-SHER,0.5,Lemon Cherry Sherbert - Half Eighth (1/16 oz),,,,,,,,,,,,,,,,,,,,,,
09e6ea42-f58b-4e5f-9357-79900d547423,lemon-cherry-sherbert---ounce-1-oz,FLSHEROZ,,,,Lemon Cherry Sherbert - Ounce (1 oz),,Flower / Ounce / Budget,,,,,,,,37.52,90,,,,,,1,0,Default Tax,0,,
09e6ea42-f58b-4e5f-9357-79900d547423,,FLSHEROZ,BASE – BASE – Lemon Cherry Sherbert (1/8),FL-SHER,8,Lemon Cherry Sherbert - Ounce (1 oz),,,,,,,,,,,,,,,,,,,,,,
a4e22e38-a55a-4256-87b6-c22934e00ad6,lemon-cherry-sherbert---quarter-14-oz,FLSHERQ,,,,Lemon Cherry Sherbert - Quarter (1/4 oz),,Flower / Quarter / Budget,,,,,,,,9.38,25,,,,,,1,0,Default Tax,0,,
a4e22e38-a55a-4256-87b6-c22934e00ad6,,FLSHERQ,BASE – BASE – Lemon Cherry Sherbert (1/8),FL-SHER,2,Lemon Cherry Sherbert - Quarter (1/4 oz),,,,,,,,,,,,,,,,,,,,,,
1033cd6c-ef98-44fb-bda3-4812d3ada615,lizard-burger-sell-8,FLLIZAE,,,,Lizard Burger (1/8 oz),<p>Lizard Burger Flower</p>,Flower / Eighth / Organic,,,,,,,thc=23.998%;usecoa=1;sellable_composite=1;netwt=3.5g;coa_ref_0_file=lizard-burger.pdf;coa_ref_0_url=/coas/flower/lizard-burger.pdf;coa_ref_0_lot=2504CCH0162.1341,7.82,25,,,Various,,,1,1,Default Tax,354,,
1033cd6c-ef98-44fb-bda3-4812d3ada615,,FLLIZAE,BASE – BASE – Lizard Burger (1/8),FL-LIZA,1,Lizard Burger (1/8 oz),,,,,,,,,,,,,,,,,,,,,,
ba964439-9b29-4b8d-be2a-1440b49a43d5,lizard-burger-half-eighth,FLLIZAH,,,,Lizard Burger - Half Eighth (1/16 oz),<p>Lizard Burger Flower</p>,Flower / Half-Eighth / Organic,,,,,,,,3.91,15,,,Various,,,1,0,Default Tax,0,,
ba964439-9b29-4b8d-be2a-1440b49a43d5,,FLLIZAH,BASE – BASE – Lizard Burger (1/8),FL-LIZA,0.5,Lizard Burger - Half Eighth (1/16 oz),,,,,,,,,,,,,,,,,,,,,,
8410d073-2dac-4042-b9b4-bc4a0cf34df0,lizard-burger-ounce,FLLIZAOZ,,,,Lizard Burger - Ounce (1 oz),<p>Lizard Burger Flower</p>,Flower / Ounce / Organic,,,,,,,,62.56,150,,,Various,,,1,0,Default Tax,0,,
8410d073-2dac-4042-b9b4-bc4a0cf34df0,,FLLIZAOZ,BASE – BASE – Lizard Burger (1/8),FL-LIZA,8,Lizard Burger - Ounce (1 oz),,,,,,,,,,,,,,,,,,,,,,
5a0e5a06-fd10-48de-909a-eb515c53694d,lizard-burger-quarter,FLLIZAQ,,,,Lizard Burger - Quarter (1/4 oz),<p>Lizard Burger Flower</p>,Flower / Quarter / Organic,,,,,,,,15.64,45,,,Various,,,1,0,Default Tax,0,,
5a0e5a06-fd10-48de-909a-eb515c53694d,,FLLIZAQ,BASE – BASE – Lizard Burger (1/8),FL-LIZA,2,Lizard Burger - Quarter (1/4 oz),,,,,,,,,,,,,,,,,,,,,,
92e35ff8-541c-4e52-984b-26f22bc01443,lose-leaf-amber-dream,10118,,,,Loose Leaf Amber Dream,,Tobacco / Wraps,,,,,,,,2.03,3,,,Loose Leaf,Prime Wholesale,769577838033,1,1,Default Tax,7,,
f1d08703-4b75-4037-98bf-edaa06af5446,loose-leaf-cookies--cream,10117,,,,Loose Leaf Cookies & Cream,,Tobacco / Wraps,,,,,,,,2.03,3,,,Loose Leaf,Prime Wholesale,810159861823,1,1,Default Tax,1,,
56a06927-515c-4217-931a-7e0c6217d81c,loose-leaf-grape-dream,10122,,,,Loose Leaf Grape Dream,,Tobacco / Wraps,,,,,,,,6.25,8,,,Loose Leaf,Prime Wholesale,742978846647,1,1,Default Tax,14,,
229d774c-7bc4-4644-b6c4-403370c8e824,loose-leaf-purple-dream,10119,,,,Loose Leaf Purple Dream,,Tobacco / Wraps,,,,,,,,2.03,3,,,Loose Leaf,Prime Wholesale,769577921018,1,1,Default Tax,8,,
7b43068e-a972-477c-800d-1711c60385b2,loose-leaf-ruby-dream,10121,,,,Loose Leaf Ruby Dream,,Tobacco / Wraps,,,,,,,,2.03,3,,,Loose Leaf,Prime Wholesale,769577921391,1,1,Default Tax,7,,
a0e6511f-8f77-4e63-9c2a-26b3a04f4601,loose-leaf-san-andres,10120,,,,Loose Leaf San Andres,,Tobacco / Wraps,,,,,,,,6.82,8,,,Loose Leaf,Prime Wholesale,742978846685,1,1,Default Tax,2,,
6032b24c-aa4a-4c03-be51-938afbea0700,loose-leaf-watermelon-dream,10124,,,,Loose Leaf Watermelon Dream,,Tobacco / Wraps,,,,,,,,6.25,8,,,Loose Leaf,Prime Wholesale,742978846159,1,1,Default Tax,8,,
7b7324b7-b64a-449c-b743-9a86e02d0cd8,loose-leaf-yellow-dream,10123,,,,Loose Leaf Yellow Dream,,Tobacco / Wraps,,,,,,,,2.03,3,,,Loose Leaf,Prime Wholesale,769577921193,1,1,Default Tax,2,,
e9f56e33-3b0e-441c-ae4c-891e9e4a57c4,half-and-half,BE-ME-HNH,,,,Melo Half and Half,,Beverages,,,,,,,coa_ref_0_lot=1335702;coa_ref_0_file=melo10.pdf;usecoa=1;coa_ref_0_url=/coas/beverages/melo10.pdf,3.25,6,,,Melo,Xperience,,1,1,Default Tax,26,4,8
d986b4f4-ec83-43e0-a182-5cf10287527f,strawberry-mango,BE-ME-SM,,,,Melo Strawberry Mango,,Beverages,,,,,,,coa_ref_0_file=melo10.pdf;usecoa=1;coa_ref_0_lot=1334669;coa_ref_0_url=/coas/beverages/melo10.pdf,3.25,6,,,Melo,Xperience,,1,1,Default Tax,37,4,8
2fc5f3c1-382d-44fb-ad6e-68ed5fc9e79f,wild-berry,BE-ME-WB,,,,Melo Wild Berry,,Beverages,,,,,,,coa_ref_0_lot=1334664;coa_ref_0_file=melo10.pdf;usecoa=1;coa_ref_0_url=/coas/beverages/melo10.pdf,3.25,6,,,Melo,Xperience,,1,1,Default Tax,39,4,8
ee96ecc3-62b3-4e5f-aaed-df3654c492ae,menage-sell-8,FLMENAE,,,,Menage (1/8 oz),<p>Menage</p>,Flower / Eighth / Top Shelf,,,,,,,coa_ref_0_url=/coas/flower/2509CCH0798.4941%20-%20Caroux%20Holdings%20LLC%20-%20Flower%207%20-%20Menage.pdf;thc=30.054%;coa=Flower-7;usecoa=1;coa_ref_0_file=2509CCH0798.4941%20-%20Caroux%20Holdings%20LLC%20-%20Flower%207%20-%20Menage.pdf;sellable_composite=1;netwt=3.5g;coa_ref_0_lot=2509CCH0798.4941,9.77,25,,,Various,,,1,1,Default Tax,261,,
ee96ecc3-62b3-4e5f-aaed-df3654c492ae,,FLMENAE,BASE – BASE – Menage (1/8),FL-MENA,1,Menage (1/8 oz),,,,,,,,,,,,,,,,,,,,,,
09f86bc1-8744-485c-91a4-2f83f5ce1ca7,menage-half-eighth,FLMENAH,,,,Menage - Half Eighth (1/16 oz),<p>Menage</p>,Flower / Half-Eighth / Top Shelf,,,,,,,,4.89,15,,,Various,,,1,0,Default Tax,0,,
09f86bc1-8744-485c-91a4-2f83f5ce1ca7,,FLMENAH,BASE – BASE – Menage (1/8),FL-MENA,0.5,Menage - Half Eighth (1/16 oz),,,,,,,,,,,,,,,,,,,,,,
9c287925-f5e8-4734-9a32-ec13b39450c4,menage-ounce,FLMENAOZ,,,,Menage - Ounce (1 oz),<p>Menage</p>,Flower / Ounce / Top Shelf,,,,,,,,78.16,150,,,Various,,,1,0,Default Tax,0,,
9c287925-f5e8-4734-9a32-ec13b39450c4,,FLMENAOZ,BASE – BASE – Menage (1/8),FL-MENA,8,Menage - Ounce (1 oz),,,,,,,,,,,,,,,,,,,,,,
9a5f1570-47f6-43d0-b745-b98eadd67191,menage-quarter,FLMENAQ,,,,Menage - Quarter (1/4 oz),<p>Menage</p>,Flower / Quarter / Top Shelf,,,,,,,,19.54,45,,,Various,,,1,0,Default Tax,0,,
9a5f1570-47f6-43d0-b745-b98eadd67191,,FLMENAQ,BASE – BASE – Menage (1/8),FL-MENA,2,Menage - Quarter (1/4 oz),,,,,,,,,,,,,,,,,,,,,,
5520558b-d338-4a27-9cdf-99692f745cf0,modified-grapes-vape-cartridge,10134,,,,Modified Grapes Vape Cartridge,,Vapes / THCa carts,,,,,,,,12.5,25,,,Concrete Jungle,Robert Lee,,1,1,Default Tax,8,,
6828e88e-3b87-4d95-8dc5-6d449f4f515c,muddy-buddy-chocolate-bar,10143,,,,Muddy Buddy Chocolate Bar,,Edibles / Confectionary / Chocolate Bars,,,,,,,,9,15,,,Hapy Kitchen,Robert Lee,,1,1,Default Tax,5,5,20
8fd34e9c-9d3e-41e9-9fe1-398a2104d98a,muddy-buddy-cookie,10137,,,,Muddy Buddy Cookie,,Edibles / Baked Goods / Cookies,,,,,,,,7.5,15,,,Hapy Kitchen,Robert Lee,,1,1,Default Tax,20,10,30
b722f2c6-57d3-4c69-b495-1c4e21735a8f,mule-fuel-sell-8,FLMULEE,,,,Mule Fuel (1/8 oz),<p>Mule Fuel Flower</p>,Flower / Eighth / In-House,,,,,,,thc=27.461%;coa_ref_0_file=2508CCH0647.4216%20-%20WNC%20CBD%20-%20Mule%20Fuel.pdf;usecoa=1;sellable_composite=1;netwt=3.5g;coa_ref_0_lot=2508CCH0647.4216;coa_ref_0_url=/coas/flower/2508CCH0647.4216%20-%20WNC%20CBD%20-%20Mule%20Fuel.pdf,7.81,20,,,Various,,,1,1,Default Tax,339,,
b722f2c6-57d3-4c69-b495-1c4e21735a8f,,FLMULEE,BASE – BASE – Mule Fuel (1/8),FL-MULE,1,Mule Fuel (1/8 oz),,,,,,,,,,,,,,,,,,,,,,
c1136316-8b5a-41c2-bd29-413af6ab97a0,mule-fuel-half-eighth,FLMULEH,,,,Mule Fuel - Half Eighth (1/16 oz),<p>Mule Fuel Flower</p>,Flower / Half-Eighth / In-House,,,,,,,,3.9,12,,,Various,,,1,0,Default Tax,0,,
c1136316-8b5a-41c2-bd29-413af6ab97a0,,FLMULEH,BASE – BASE – Mule Fuel (1/8),FL-MULE,0.5,Mule Fuel - Half Eighth (1/16 oz),,,,,,,,,,,,,,,,,,,,,,
a04972d5-f730-4192-9658-a0530d698050,mule-fuel-ounce,FLMULEOZ,,,,Mule Fuel - Ounce (1 oz),<p>Mule Fuel Flower</p>,Flower / Ounce / In-House,,,,,,,,62.48,130,,,Various,,,1,0,Default Tax,0,,
a04972d5-f730-4192-9658-a0530d698050,,FLMULEOZ,BASE – BASE – Mule Fuel (1/8),FL-MULE,8,Mule Fuel - Ounce (1 oz),,,,,,,,,,,,,,,,,,,,,,
7f251c87-8950-4faf-8eaf-07b9a4891a1c,mule-fuel-quarter,FLMULEQ,,,,Mule Fuel - Quarter (1/4 oz),<p>Mule Fuel Flower</p>,Flower / Quarter / In-House,,,,,,,,15.62,35,,,Various,,,1,0,Default Tax,0,,
7f251c87-8950-4faf-8eaf-07b9a4891a1c,,FLMULEQ,BASE – BASE – Mule Fuel (1/8),FL-MULE,2,Mule Fuel - Quarter (1/4 oz),,,,,,,,,,,,,,,,,,,,,,
c19f94d7-4232-4e3e-a891-51958c9edaa4,neon-disposable-lighter,10102,,,,Neon Disposable Lighter,,Accessories / Lighters,,,,,,,,0.15,1.5,,,Neon,MJ Wholesale,0795A,1,1,Default Tax,31,20,50
0c64e3c3-e382-4cbf-9a5d-850adc4703a1,nimbus-18-oz-sell-8,FLNIMBE,,,,Nimbus Snacks (1/8 oz),,Flower / Eighth / Budget,,,,,,,coa_ref_0_file=Nimbus%20Snacks%2011.5.25%20COA.pdf;usecoa=1;sellable_composite=1;netwt=3.5g;coa_ref_0_url=/coas/flower/Nimbus%20Snacks%2011.5.25%20COA.pdf;thc=32.78%;coa_ref_0_lot=46840110-18,4.69,15,,,Various,,,1,1,Default Tax,195,,
0c64e3c3-e382-4cbf-9a5d-850adc4703a1,,FLNIMBE,BASE – BASE – Nimbus Snacks (1/8),FL-NIMB,1,Nimbus Snacks (1/8 oz),,,,,,,,,,,,,,,,,,,,,,
3a5a6815-9743-4669-b1e1-843d24d2cd7c,nimbus---half-eighth-116-oz,FLNIMBH,,,,Nimbus Snacks - Half Eighth (1/16 oz),,Flower / Half-Eighth / Budget,,,,,,,,2.35,10,,,Various,,,1,0,Default Tax,0,,
3a5a6815-9743-4669-b1e1-843d24d2cd7c,,FLNIMBH,BASE – BASE – Nimbus Snacks (1/8),FL-NIMB,0.5,Nimbus Snacks - Half Eighth (1/16 oz),,,,,,,,,,,,,,,,,,,,,,
199d5c04-4141-4c2f-8436-566a42b90f81,nimbus---ounce-1-oz,FLNIMBOZ,,,,Nimbus Snacks - Ounce (1 oz),,Flower / Ounce / Budget,,,,,,,,37.52,90,,,Various,,,1,0,Default Tax,0,,
199d5c04-4141-4c2f-8436-566a42b90f81,,FLNIMBOZ,BASE – BASE – Nimbus Snacks (1/8),FL-NIMB,8,Nimbus Snacks - Ounce (1 oz),,,,,,,,,,,,,,,,,,,,,,
00f48bb6-cab7-445f-9b18-fd89c48e8dd4,nimbus---quarter-14-oz,FLNIMBQ,,,,Nimbus Snacks - Quarter (1/4 oz),,Flower / Quarter / Budget,,,,,,,,9.38,25,,,Various,,,1,0,Default Tax,0,,
00f48bb6-cab7-445f-9b18-fd89c48e8dd4,,FLNIMBQ,BASE – BASE – Nimbus Snacks (1/8),FL-NIMB,2,Nimbus Snacks - Quarter (1/4 oz),,,,,,,,,,,,,,,,,,,,,,
dc37ce33-44cc-4377-9b84-b7b18bb48a29,oakland-runtz-18-oz-sell-8,FLOAKRE,,,,Oakland Runtz (1/8 oz),,Flower / Eighth / Budget,,,,,,,coa_ref_0_url=/coas/flower/Oakland%20Runtz%2010.19%20COA.pdf;coa_ref_0_lot=46840119-20;coa_ref_0_file=Oakland%20Runtz%2010.19%20COA.pdf;usecoa=1;sellable_composite=1;netwt=3.5g;thc=35.94%,4.69,15,,,Various,,,1,1,Default Tax,148,,
dc37ce33-44cc-4377-9b84-b7b18bb48a29,,FLOAKRE,BASE – BASE – Oakland Runtz (1/8),FL-OAKR,1,Oakland Runtz (1/8 oz),,,,,,,,,,,,,,,,,,,,,,
be195929-1294-451e-b8bb-a59492d80639,oakland-runtz---half-eighth-116-oz,FLOAKRH,,,,Oakland Runtz - Half Eighth (1/16 oz),,Flower / Half-Eighth / Budget,,,,,,,,2.35,10,,,,,,1,1,Default Tax,192,,
be195929-1294-451e-b8bb-a59492d80639,,FLOAKRH,BASE – BASE – Oakland Runtz (1/8),FL-OAKR,0.5,Oakland Runtz - Half Eighth (1/16 oz),,,,,,,,,,,,,,,,,,,,,,
b8f446fe-4d49-4f95-b805-bc913543def7,oakland-runtz---ounce-1-oz,FLOAKROZ,,,,Oakland Runtz - Ounce (1 oz),,Flower / Ounce / Budget,,,,,,,,37.52,90,,,,,,1,1,Default Tax,12,,
b8f446fe-4d49-4f95-b805-bc913543def7,,FLOAKROZ,BASE – BASE – Oakland Runtz (1/8),FL-OAKR,8,Oakland Runtz - Ounce (1 oz),,,,,,,,,,,,,,,,,,,,,,
98891968-142f-49f5-a0ec-19a82b6f6378,oakland-runtz---quarter-14-oz,FLOAKRQ,,,,Oakland Runtz - Quarter (1/4 oz),,Flower / Quarter / Budget,,,,,,,,9.38,25,,,,,,1,1,Default Tax,48,,
98891968-142f-49f5-a0ec-19a82b6f6378,,FLOAKRQ,BASE – BASE – Oakland Runtz (1/8),FL-OAKR,2,Oakland Runtz - Quarter (1/4 oz),,,,,,,,,,,,,,,,,,,,,,
4ea3538c-7cf1-463f-9adb-238755dc9935,omg-sell-8,FLOMGE,,,,OMG (1/8 oz),<p>OMG Flower</p>,Flower / Eighth / In-House,,,,,,,thc=27.206%;usecoa=1;sellable_composite=1;netwt=3.5g;coa_ref_0_file=2506CCH0299.2308%20-%20WNC%20CBD%20-%20OMG.pdf;coa_ref_0_url=/coas/flower/2506CCH0299.2308%20-%20WNC%20CBD%20-%20OMG.pdf;coa_ref_0_lot=2506CCH0299.2308,7.81,20,,,Various,,,1,1,Default Tax,234,,
4ea3538c-7cf1-463f-9adb-238755dc9935,,FLOMGE,BASE – BASE – OMG (1/8),FL-OMG,1,OMG (1/8 oz),,,,,,,,,,,,,,,,,,,,,,
43f3ca1b-7b43-46a4-9e99-78deb03dd23b,omg-half-eighth,FLOMGH,,,,OMG - Half Eighth (1/16 oz),<p>OMG Flower</p>,Flower / Half-Eighth / In-House,,,,,,,,3.9,12,,,Various,,,1,0,Default Tax,0,,
43f3ca1b-7b43-46a4-9e99-78deb03dd23b,,FLOMGH,BASE – BASE – OMG (1/8),FL-OMG,0.5,OMG - Half Eighth (1/16 oz),,,,,,,,,,,,,,,,,,,,,,
edb94cde-7042-44f2-b1da-b368edf4d37f,omg-ounce,FLOMGOZ,,,,OMG - Ounce (1 oz),<p>OMG Flower</p>,Flower / Ounce / In-House,,,,,,,,62.48,130,,,Various,,,1,0,Default Tax,0,,
edb94cde-7042-44f2-b1da-b368edf4d37f,,FLOMGOZ,BASE – BASE – OMG (1/8),FL-OMG,8,OMG - Ounce (1 oz),,,,,,,,,,,,,,,,,,,,,,
dd06a6d8-6865-4892-9df2-1bc14b0ed31d,omg-quarter,FLOMGQ,,,,OMG - Quarter (1/4 oz),<p>OMG Flower</p>,Flower / Quarter / In-House,,,,,,,,15.62,35,,,Various,,,1,0,Default Tax,0,,
dd06a6d8-6865-4892-9df2-1bc14b0ed31d,,FLOMGQ,BASE – BASE – OMG (1/8),FL-OMG,2,OMG - Quarter (1/4 oz),,,,,,,,,,,,,,,,,,,,,,
ba0f49f5-c551-476d-9a9e-35e643a02b36,oreo-blizzard,FLOREBE,,,,Oreo Blizzard (1/8 oz),<p>Oreo Blizzard Flower</p>,Flower / Eighth / In-House,,,,,,,coa_ref_0_url=/coas/flower/2603CCH0347.1729%20-%20Vulcan%20LLC%20-%20Oreo%20Blizzard.pdf;usecoa=1;sellable_composite=1;netwt=3.5g;coa_ref_0_file=2603CCH0347.1729%20-%20Vulcan%20LLC%20-%20Oreo%20Blizzard.pdf;thc=23.131;coa_ref_0_lot=2603CCH0347.1729,7.81,20,,,Various,,,1,1,Default Tax,0,,
ba0f49f5-c551-476d-9a9e-35e643a02b36,,FLOREBE,BASE – BASE – Oreo Blizzard (1/8),FL-OREB,1,Oreo Blizzard (1/8 oz),,,,,,,,,,,,,,,,,,,,,,
f1056375-7871-408f-9edc-ef7fc10d2972,oreo-blizzard-ounce,FLOREBOZ,,,,Oreo Blizzard - Ounce (1 oz),<p>Oreo Blizzard Flower</p>,Flower / Ounce / In-House,,,,,,,,62.48,130,,,Various,,,1,1,Default Tax,0,,
f1056375-7871-408f-9edc-ef7fc10d2972,,FLOREBOZ,BASE – BASE – Oreo Blizzard (1/8),FL-OREB,8,Oreo Blizzard - Ounce (1 oz),,,,,,,,,,,,,,,,,,,,,,
d2a868ff-e1cf-41dc-81f1-8567a9b306b9,oreo-blizzard-quarter,FLOREBQ,,,,Oreo Blizzard - Quarter (1/4 oz),<p>Oreo Blizzard Flower</p>,Flower / Quarter / In-House,,,,,,,,15.62,35,,,Various,,,1,1,Default Tax,0,,
d2a868ff-e1cf-41dc-81f1-8567a9b306b9,,FLOREBQ,BASE – BASE – Oreo Blizzard (1/8),FL-OREB,2,Oreo Blizzard - Quarter (1/4 oz),,,,,,,,,,,,,,,,,,,,,,
5cbe8b52-8468-438d-816a-633170abdbcc,oreoz-sell-8,FLOREOE,,,,Oreoz (1/8 oz),<p>Oreoz Flower</p>,Flower / Eighth / Budget,,,,,,,coa_ref_0_lot=2509CCH0798.4935;coa=Flower-1;thc=25.589%;sellable_composite=1;netwt=3.5g,4.69,15,,,Various,,,1,1,Default Tax,57,,
5cbe8b52-8468-438d-816a-633170abdbcc,,FLOREOE,BASE – BASE – Oreoz (1/8),FL-OREO,1,Oreoz (1/8 oz),,,,,,,,,,,,,,,,,,,,,,
7fef17ac-d118-42c9-8e94-b0473b29f87e,oreoz-half-eighth,FLOREOH,,,,Oreoz - Half Eighth (1/16 oz),<p>Oreoz Flower</p>,Flower / Half-Eighth / Budget,,,,,,,,2.35,10,,,Various,,,1,0,Default Tax,0,,
7fef17ac-d118-42c9-8e94-b0473b29f87e,,FLOREOH,BASE – BASE – Oreoz (1/8),FL-OREO,0.5,Oreoz - Half Eighth (1/16 oz),,,,,,,,,,,,,,,,,,,,,,
bbd80680-b7b0-4b0f-991d-fd81fcc1cd8e,oreoz-ounce,FLOREOOZ,,,,Oreoz - Ounce (1 oz),<p>Oreoz Flower</p>,Flower / Ounce / Budget,,,,,,,,37.52,90,,,Various,,,1,0,Default Tax,0,,
bbd80680-b7b0-4b0f-991d-fd81fcc1cd8e,,FLOREOOZ,BASE – BASE – Oreoz (1/8),FL-OREO,8,Oreoz - Ounce (1 oz),,,,,,,,,,,,,,,,,,,,,,
a02bf341-a435-4196-a1dd-2015c59c5239,oreoz-quarter,FLOREOQ,,,,Oreoz - Quarter (1/4 oz),<p>Oreoz Flower</p>,Flower / Quarter / Budget,,,,,,,,9.38,25,,,Various,,,1,0,Default Tax,0,,
a02bf341-a435-4196-a1dd-2015c59c5239,,FLOREOQ,BASE – BASE – Oreoz (1/8),FL-OREO,2,Oreoz - Quarter (1/4 oz),,,,,,,,,,,,,,,,,,,,,,
09c8dd5b-c58f-4ee2-9267-0e96d2eb3dbc,original-lemonade,10093,,,,Original Lemonade Electric Lemonade,,Beverages,,,,,,,,7.25,12,,,Shady Acres,Xperience,,1,1,Default Tax,7,6,20
fb48844e-fadd-4b35-9b1f-988c580352d0,peppermint-focus-tincture,14027,,,,Peppermint Focus Tincture,,Edibles / Tinctures,,,,,,,,40,70,,,Hapy Kitchen,Robert Lee,,1,1,Default Tax,10,,
61179bd6-b5a3-4221-a456-cc8622b61de8,permanent-chimera-sell-8,FLPERME,,,,Permanent Chimera (1/8 oz),<p>Permanent Chimera</p>,Flower / Eighth / Top Shelf,,,,,,,coa_ref_0_file=2603CCH0347.1723%20-%20Vulcan%20LLC%20-%20Permanent%20Chimera.pdf;coa_ref_0_url=/coas/flower/2603CCH0347.1723%20-%20Vulcan%20LLC%20-%20Permanent%20Chimera.pdf;coa_ref_0_lot=2603CCH0347.1723;thc=34.215;usecoa=1;sellable_composite=1;netwt=3.5g,9.77,25,,,Various,,,1,1,Default Tax,0,,
61179bd6-b5a3-4221-a456-cc8622b61de8,,FLPERME,BASE – BASE – Permanent Chimera (1/8),FL-PERM,1,Permanent Chimera (1/8 oz),,,,,,,,,,,,,,,,,,,,,,
8e933c8f-0818-4ed5-88f7-4654d168dac4,permanent-chimera-half-eighth,FLPERMH,,,,Permanent Chimera - Half Eighth (1/16 oz),<p>Permanent Chimera</p>,Flower / Half-Eighth / Top Shelf,,,,,,,,4.89,15,,,Various,,,1,1,Default Tax,0,,
8e933c8f-0818-4ed5-88f7-4654d168dac4,,FLPERMH,BASE – BASE – Permanent Chimera (1/8),FL-PERM,0.5,Permanent Chimera - Half Eighth (1/16 oz),,,,,,,,,,,,,,,,,,,,,,
1024d6a8-baac-4e79-b260-e59260c8e282,permanent-chimera-ounce,FLPERMOZ,,,,Permanent Chimera - Ounce (1 oz),<p>Permanent Chimera</p>,Flower / Ounce / Top Shelf,,,,,,,,78.16,150,,,Various,,,1,1,Default Tax,0,,
1024d6a8-baac-4e79-b260-e59260c8e282,,FLPERMOZ,BASE – BASE – Permanent Chimera (1/8),FL-PERM,8,Permanent Chimera - Ounce (1 oz),,,,,,,,,,,,,,,,,,,,,,
f3af9928-550b-4147-85ff-004c8cfca096,permanent-chimera-quarter,FLPERMQ,,,,Permanent Chimera - Quarter (1/4 oz),<p>Permanent Chimera</p>,Flower / Quarter / Top Shelf,,,,,,,,19.54,45,,,Various,,,1,1,Default Tax,0,,
f3af9928-550b-4147-85ff-004c8cfca096,,FLPERMQ,BASE – BASE – Permanent Chimera (1/8),FL-PERM,2,Permanent Chimera - Quarter (1/4 oz),,,,,,,,,,,,,,,,,,,,,,
0baf60ea-48f3-42d1-8cdb-1d809c262828,pink-lemonade,10092,,,,Pink Lemonade Electric Lemonade,,Beverages,,,,,,,coa_ref_0_lot=5578;coa_ref_0_file=electric-lemonade.pdf;coa_ref_0_url=/coas/beverages/electric-lemonade.pdf,7.25,12,,,Shady Acres,Xperience,,1,1,Default Tax,47,10,40
f8fd03cf-d191-442e-9d61-273915a64716,punch-breath-sell-8,FLPUNCE,,,,Punch Breath (1/8 oz),<p>Punch Breath Flower</p>,Flower / Eighth / In-House,,,,,,,thc=27.567;sellable_composite=1;netwt=3.5g,7.81,20,,,Various,,,1,1,Default Tax,234,,
f8fd03cf-d191-442e-9d61-273915a64716,,FLPUNCE,BASE – BASE – OMG (1/8),FL-OMG,1,Punch Breath (1/8 oz),,,,,,,,,,,,,,,,,,,,,,
267624e3-3465-4cba-b934-aad3dc90315c,punch-breath-half-eighth,FLPUNCH,,,,Punch Breath - Half Eighth (1/16 oz),<p>Punch Breath Flower</p>,Flower / Half-Eighth / In-House,,,,,,,,3.9,12,,,Various,,,1,1,Default Tax,468,,
267624e3-3465-4cba-b934-aad3dc90315c,,FLPUNCH,BASE – BASE – OMG (1/8),FL-OMG,0.5,Punch Breath - Half Eighth (1/16 oz),,,,,,,,,,,,,,,,,,,,,,
f4977fec-9584-4103-a1d9-f4981d4373ab,punch-breath-ounce,FLPUNCOZ,,,,Punch Breath - Ounce (1 oz),<p>Punch Breath Flower</p>,Flower / Ounce / In-House,,,,,,,,62.48,130,,,Various,,,1,1,Default Tax,29,,
f4977fec-9584-4103-a1d9-f4981d4373ab,,FLPUNCOZ,BASE – BASE – OMG (1/8),FL-OMG,8,Punch Breath - Ounce (1 oz),,,,,,,,,,,,,,,,,,,,,,
e6116e6f-aeac-4d31-8839-4af507e093aa,punch-breath-quarter,FLPUNCQ,,,,Punch Breath - Quarter (1/4 oz),<p>Punch Breath Flower</p>,Flower / Quarter / In-House,,,,,,,,15.62,35,,,Various,,,1,1,Default Tax,117,,
e6116e6f-aeac-4d31-8839-4af507e093aa,,FLPUNCQ,BASE – BASE – OMG (1/8),FL-OMG,2,Punch Breath - Quarter (1/4 oz),,,,,,,,,,,,,,,,,,,,,,
6e12f168-ae3a-450a-af66-225dc57ab18a,rasberries--dark-chocolate-bar,10144,,,,Raspberries & Dark Chocolate Bar,,Edibles / Confectionary / Chocolate Bars,,,,,,,,9,15,,,Hapy Kitchen,Robert Lee,,1,1,Default Tax,5,5,20
d152a6a9-98dc-4e99-a390-1f29c33e62ba,raw-rolling-machine,10104,,,,RAW Rolling Machine,,Accessories / Rolling Equipment,,,,,,,,2.13,8,,,Raw,MJ Wholesale,RAW79,1,1,Default Tax,12,4,12
7f4420b4-3fa2-4ac3-9377-5b6903edfae9,raw-rolling-papers,10130,,,,Raw Rolling Papers,,Tobacco / Wraps,,,,,,,,1.05,1.5,,,Raw,Amazon,,1,1,Default Tax,39,12,48
9f9a771c-770c-410b-b395-671cc33d2954,smores-milk-chocolate-bar,10145,,,,S'mores Milk Chocolate Bar,,Edibles / Confectionary / Chocolate Bars,,,,,,,,9,15,,,Hapy Kitchen,Robert Lee,,1,1,Default Tax,4,5,20
d14b5fcd-12c5-4b22-bce0-140611b7e51f,scorpian-tears-sell-8,FLSCORE,,,,Scorpian Tears (1/8 oz),<p>Scorpian Tears Flower</p>,Flower / Eighth / Organic,,,,,,,coa_ref_0_file=2509CCH0798.4936%20-%20Caroux%20Holdings%20LLC%20-%20Flower%202%20-%20Scorpion%20Tears.pdf;coa=Flower-2;usecoa=1;sellable_composite=1;netwt=3.5g;thc=25.784%;coa_ref_0_lot=2509CCH0798.4936;coa_ref_0_url=/coas/flower/2509CCH0798.4936%20-%20Caroux%20Holdings%20LLC%20-%20Flower%202%20-%20Scorpion%20Tears.pdf,8.59,25,,,Various,,,1,1,Default Tax,604,,
d14b5fcd-12c5-4b22-bce0-140611b7e51f,,FLSCORE,BASE – BASE – Scorpian Tears (1/8),FL-SCOR,1,Scorpian Tears (1/8 oz),,,,,,,,,,,,,,,,,,,,,,
6cfbe03f-ea4e-4ff2-b5af-c91f4430f037,scorpian-tears-half-eighth,FLSCORH,,,,Scorpian Tears - Half Eighth (1/16 oz),<p>Scorpian Tears Flower</p>,Flower / Half-Eighth / Organic,,,,,,,,4.3,15,,,Various,,,1,0,Default Tax,0,,
6cfbe03f-ea4e-4ff2-b5af-c91f4430f037,,FLSCORH,BASE – BASE – Scorpian Tears (1/8),FL-SCOR,0.5,Scorpian Tears - Half Eighth (1/16 oz),,,,,,,,,,,,,,,,,,,,,,
05c5376b-6489-4169-9ef1-4f948ea58e29,scorpian-tears-ounce,FLSCOROZ,,,,Scorpian Tears - Ounce (1 oz),<p>Scorpian Tears Flower</p>,Flower / Ounce / Organic,,,,,,,,68.72,150,,,Various,,,1,0,Default Tax,0,,
05c5376b-6489-4169-9ef1-4f948ea58e29,,FLSCOROZ,BASE – BASE – Scorpian Tears (1/8),FL-SCOR,8,Scorpian Tears - Ounce (1 oz),,,,,,,,,,,,,,,,,,,,,,
039864f6-5a9a-4069-a999-00bb3a2a8896,scorpian-tears-quarter,FLSCORQ,,,,Scorpian Tears - Quarter (1/4 oz),<p>Scorpian Tears Flower</p>,Flower / Quarter / Organic,,,,,,,,17.18,45,,,Various,,,1,0,Default Tax,0,,
039864f6-5a9a-4069-a999-00bb3a2a8896,,FLSCORQ,BASE – BASE – Scorpian Tears (1/8),FL-SCOR,2,Scorpian Tears - Quarter (1/4 oz),,,,,,,,,,,,,,,,,,,,,,
0a5c5509-1933-4919-9d4f-72b6c4682916,sour-mango-gummy,948,,,,Sour Mango Gummy,,Edibles / Confectionary / Gummies,,,,,,,,9,15,,,Concrete Jungle,Robert Lee,,1,1,Default Tax,19,10,40
28d29712-aff1-46f4-8122-aa97dac71642,splits-by-loose-leaf,10115,,,,Splits by Loose Leaf,,Tobacco / Wraps,,,,,,,,0.83,1,,,Loose Leaf,Prime Wholesale,769577921087,1,1,Default Tax,31,,
49bdc48b-3fbb-4b04-95fd-4642f7fffa41,stickers,10081,,,,Stickers - Laminated,,,,,,,,,,0,1.25,,,Dahntahn Made,,,1,0,Default Tax,0,,
06add22c-a443-409c-96bd-8cf2de457ad7,stickers---unlaminated,10129,,,,Stickers - Unlaminated,,Other / Apparel/Merch,,,,,,,,0,0.6,,,Dahntahn Made,,,1,0,Default Tax,0,,
b865a005-a710-4c1e-b2ce-a4a8f3960adc,sunset-sherbert-sell-8,FLSUNSE,,,,Sunset Sherbert (1/8 oz),<p>Sunset Sherbert Flower</p>,Flower / Eighth / In-House,,,,,,,coa_ref_0_lot=26000512;usecoa=1;thc=28.475;sellable_composite=1;netwt=3.5g;coa_ref_0_url=/coas/flower/sunset-sherbert.pdf;coa_ref_0_file=sunset-sherbert.pdf,7.81,20,,,Various,,,1,1,Default Tax,54,,
b865a005-a710-4c1e-b2ce-a4a8f3960adc,,FLSUNSE,BASE – BASE – Sunset Sherbert (1/8),FL-SUNS,1,Sunset Sherbert (1/8 oz),,,,,,,,,,,,,,,,,,,,,,
36f4beec-3b4c-401b-a015-c0810c6e8569,sunset-sherbert-half-eighth,FLSUNSH,,,,Sunset Sherbert - Half Eighth (1/16 oz),<p>Sunset Sherbert Flower</p>,Flower / Half-Eighth / In-House,,,,,,,,3.9,12,,,Various,,,1,1,Default Tax,108,,
36f4beec-3b4c-401b-a015-c0810c6e8569,,FLSUNSH,BASE – BASE – Sunset Sherbert (1/8),FL-SUNS,0.5,Sunset Sherbert - Half Eighth (1/16 oz),,,,,,,,,,,,,,,,,,,,,,
7852d408-3d02-4869-abb8-53ba67ecaff0,sunset-sherbert-ounce,FLSUNSOZ,,,,Sunset Sherbert - Ounce (1 oz),<p>Sunset Sherbert Flower</p>,Flower / Ounce / In-House,,,,,,,,62.48,130,,,Various,,,1,1,Default Tax,6,,
7852d408-3d02-4869-abb8-53ba67ecaff0,,FLSUNSOZ,BASE – BASE – Sunset Sherbert (1/8),FL-SUNS,8,Sunset Sherbert - Ounce (1 oz),,,,,,,,,,,,,,,,,,,,,,
bf9d6c02-9975-4374-806c-952a0461a43b,sunset-sherbert-quarter,FLSUNSQ,,,,Sunset Sherbert - Quarter (1/4 oz),<p>Sunset Sherbert Flower</p>,Flower / Quarter / In-House,,,,,,,,15.62,35,,,Various,,,1,1,Default Tax,27,,
bf9d6c02-9975-4374-806c-952a0461a43b,,FLSUNSQ,BASE – BASE – Sunset Sherbert (1/8),FL-SUNS,2,Sunset Sherbert - Quarter (1/4 oz),,,,,,,,,,,,,,,,,,,,,,
94f0e3fe-a1a5-4a45-b3cb-dcf8763403a9,superboof-sell-8,FLSUPEE,,,,Superboof (1/8 oz),<p>Superboof</p>,Flower / Eighth / Top Shelf,,,,,,,coa_ref_0_url=/coas/flower/super-boof.pdf;coa_ref_0_file=super-boof.pdf;usecoa=1;sellable_composite=1;netwt=3.5g;coa_ref_0_lot=2503PHS0626.2976;thc=24.839,9.77,25,,,Various,,,1,1,Default Tax,75,,
94f0e3fe-a1a5-4a45-b3cb-dcf8763403a9,,FLSUPEE,BASE – BASE – Superboof (1/8),FL-SUPE,1,Superboof (1/8 oz),,,,,,,,,,,,,,,,,,,,,,
038da171-1556-4323-8e84-f239e72f643a,superboof-half-eighth,FLSUPEH,,,,Superboof - Half Eighth (1/16 oz),<p>Superboof</p>,Flower / Half-Eighth / Top Shelf,,,,,,,,4.89,15,,,Various,,,1,1,Default Tax,150,,
038da171-1556-4323-8e84-f239e72f643a,,FLSUPEH,BASE – BASE – Superboof (1/8),FL-SUPE,0.5,Superboof - Half Eighth (1/16 oz),,,,,,,,,,,,,,,,,,,,,,
af7419c8-5296-485b-af78-b25ba1a41263,superboof-ounce,FLSUPEOZ,,,,Superboof - Ounce (1 oz),<p>Superboof</p>,Flower / Ounce / Top Shelf,,,,,,,,78.16,150,,,Various,,,1,1,Default Tax,9,,
af7419c8-5296-485b-af78-b25ba1a41263,,FLSUPEOZ,BASE – BASE – Superboof (1/8),FL-SUPE,8,Superboof - Ounce (1 oz),,,,,,,,,,,,,,,,,,,,,,
a7249895-f1da-48a5-80ed-ed13f10ed595,superboof-quarter,FLSUPEQ,,,,Superboof - Quarter (1/4 oz),<p>Superboof</p>,Flower / Quarter / Top Shelf,,,,,,,,19.54,45,,,Various,,,1,1,Default Tax,37,,
a7249895-f1da-48a5-80ed-ed13f10ed595,,FLSUPEQ,BASE – BASE – Superboof (1/8),FL-SUPE,2,Superboof - Quarter (1/4 oz),,,,,,,,,,,,,,,,,,,,,,
7763e9d8-bf11-4c6f-bae4-de90d94dbe23,swisher-sweets-leaf-original,10116,,,,Swisher Sweets Leaf Original,,Tobacco / Blunts,,,,,,,,2.35,3.5,,,Swisher Sweets,Prime Wholesale,25900359003,1,1,Default Tax,38,,
a4bc6fc2-862d-4596-a595-17d299b834e8,t-shirt,10078,,,,T-Shirt,,Apparel / Tshirt,Sleeves,Short Sleeve,,,,,,0,20,,,Dahntahn Made,,,1,0,Default Tax,0,,
6bf31f24-8688-44c2-afd8-9e04b44ff6a4,t-shirt,10079,,,,T-Shirt,,Apparel / Tshirt,Sleeves,Long Sleeve,,,,,,0,25,,,Dahntahn Made,,,1,0,Default Tax,0,,
f8d88c0f-e423-463c-ae71-8d66b738c266,temple-ball,10147,,,,Temple Ball,,Concentrates / Live Resin,,,,,,,,12,20,,,Sand Castle Hash Co.,Robert Lee,,1,1,Default Tax,10,4,24
faa9e2ca-9f61-47d6-af16-e243841fb78d,truth-be-toad-18-oz-sell-8,FLTOADE,,,,Truth be Toad (1/8 oz),,Flower / Eighth / Budget,,,,,,,usecoa=1;sellable_composite=1;netwt=3.5g;coa_ref_0_lot=47440430-21;thc=35.92%;coa_ref_0_url=/coas/flower/Truth%20be%20Toad%2011.5.25%20COA.pdf;coa_ref_0_file=Truth%20be%20Toad%2011.5.25%20COA.pdf,4.69,15,,,Various,,,1,1,Default Tax,149,,
faa9e2ca-9f61-47d6-af16-e243841fb78d,,FLTOADE,BASE – BASE – Truth be Toad (1/8),FL-TOAD,1,Truth be Toad (1/8 oz),,,,,,,,,,,,,,,,,,,,,,
b9340979-62f4-4f05-af2b-ccb0f6fb9d44,truth-be-toad---half-eighth-116-oz,FLTOADH,,,,Truth be Toad - Half Eighth (1/16 oz),,Flower / Half-Eighth / Budget,,,,,,,,2.35,10,,,,,,1,0,Default Tax,0,,
b9340979-62f4-4f05-af2b-ccb0f6fb9d44,,FLTOADH,BASE – BASE – Truth be Toad (1/8),FL-TOAD,0.5,Truth be Toad - Half Eighth (1/16 oz),,,,,,,,,,,,,,,,,,,,,,
40d9e3f0-5005-423e-89d0-afa03bbe9e6d,truth-be-toad---ounce-1-oz,FLTOADOZ,,,,Truth be Toad - Ounce (1 oz),,Flower / Ounce / Budget,,,,,,,,37.52,90,,,,,,1,0,Default Tax,0,,
40d9e3f0-5005-423e-89d0-afa03bbe9e6d,,FLTOADOZ,BASE – BASE – Truth be Toad (1/8),FL-TOAD,8,Truth be Toad - Ounce (1 oz),,,,,,,,,,,,,,,,,,,,,,
20e00201-a2f5-4990-af1d-8a7a21df606a,truth-be-toad---quarter-14-oz,FLTOADQ,,,,Truth be Toad - Quarter (1/4 oz),,Flower / Quarter / Budget,,,,,,,,9.38,25,,,,,,1,0,Default Tax,0,,
20e00201-a2f5-4990-af1d-8a7a21df606a,,FLTOADQ,BASE – BASE – Truth be Toad (1/8),FL-TOAD,2,Truth be Toad - Quarter (1/4 oz),,,,,,,,,,,,,,,,,,,,,,
45d4f4e6-8288-4b21-bfd3-f1c39e9919a7,valentines-basket,10113,,,,Valentines Basket,,Consignment / Valentines,,,,,,,,20,25,,,,,,1,0,Default Tax,0,,
0147ed1e-ae15-469f-ba20-30489d50bb08,valentines-bouqet,10114,,,,Valentines Bouqet,,Consignment / Valentines,,,,,,,,5,10,,,,,,1,0,Default Tax,0,,
1c4fa19f-d512-42c7-ab6e-9e2f37605437,watermelon-fruit-gummy,885,,,,Watermelon Fruit Gummy,,Edibles / Confectionary / Gummies,,,,,,,,9,15,,,Concrete Jungle,Robert Lee,,1,1,Default Tax,17,10,40
8e502b31-a302-4fad-b689-54d62a01dc52,white-runtz-sell-8,FLWHITE,,,,White Runtz (1/8 oz),<p>White Runtz Flower</p>,Flower / Eighth / Organic,,,,,,,coa_ref_0_url=/coas/flower/White_Runtz_.pdf;coa_ref_0_lot=2412EXL4158.17810;usecoa=1;coa_ref_0_file=White_Runtz_.pdf;sellable_composite=1;netwt=3.5g;thc=27.983%,8.59,25,,,Various,,,1,1,Default Tax,273,,
8e502b31-a302-4fad-b689-54d62a01dc52,,FLWHITE,BASE – BASE – White Runtz (1/8),FL-WHIT,1,White Runtz (1/8 oz),,,,,,,,,,,,,,,,,,,,,,
8d51ed59-c235-4d13-b6b5-e4faff0b4f79,white-runtz-half-eighth,FLWHITH,,,,White Runtz - Half Eighth (1/16 oz),<p>White Runtz Flower</p>,Flower / Half-Eighth / Organic,,,,,,,,4.3,15,,,Various,,,1,0,Default Tax,0,,
8d51ed59-c235-4d13-b6b5-e4faff0b4f79,,FLWHITH,BASE – BASE – White Runtz (1/8),FL-WHIT,0.5,White Runtz - Half Eighth (1/16 oz),,,,,,,,,,,,,,,,,,,,,,
529f1414-4bdf-40a3-bb66-72f69a4c0348,white-runtz-ounce,FLWHITOZ,,,,White Runtz - Ounce (1 oz),<p>White Runtz Flower</p>,Flower / Ounce / Organic,,,,,,,,68.72,150,,,Various,,,1,0,Default Tax,0,,
529f1414-4bdf-40a3-bb66-72f69a4c0348,,FLWHITOZ,BASE – BASE – White Runtz (1/8),FL-WHIT,8,White Runtz - Ounce (1 oz),,,,,,,,,,,,,,,,,,,,,,
344d3165-4be7-40d2-977c-f2592d9f9fd3,white-runtz-quarter,FLWHITQ,,,,White Runtz - Quarter (1/4 oz),<p>White Runtz Flower</p>,Flower / Quarter / Organic,,,,,,,,17.18,45,,,Various,,,1,0,Default Tax,0,,
344d3165-4be7-40d2-977c-f2592d9f9fd3,,FLWHITQ,BASE – BASE – White Runtz (1/8),FL-WHIT,2,White Runtz - Quarter (1/4 oz),,,,,,,,,,,,,,,,,,,,,,
bef7382c-14b6-4335-8a1d-2eb3cc536888,zig-zag-banana-2pck-mini-palm,10110,,,,Zig-Zag Banana 2pck mini palm,,Tobacco / Blunts,,,,,,,,2,3,,,Zig-Zag,MJ Wholesale,,1,1,Default Tax,22,,
993809c6-4c71-40a3-a3eb-43dcda65bfd6,zig-zag-grape-2pck-mini-palm,10107,,,,Zig-Zag Grape 2pck mini palm,,Tobacco / Blunts,,,,,,,,2,3,,,Zig-Zag,MJ Wholesale,,1,1,Default Tax,3,,
f21d303a-55a4-4708-860e-ef1f7810dd55,zig-zag-hemp-cones---shortcake,10126,,,,Zig-Zag Hemp Cones - Shortcake,,Tobacco / Cones,,,,,,,,1.2,2,,,Zig-Zag,Amazon,,1,1,Default Tax,18,10,30
8679325c-1878-435d-b9b2-bf28e694b80d,zig-zag-hemp-wrap---og-purp,10125,,,,Zig-Zag Hemp Wrap - OG Purp,,Tobacco / Wraps,,,,,,,,0.68,1,,,Zig-Zag,Amazon,,1,1,Default Tax,12,10,25
55532a34-171e-4f61-81c9-c00461b65c4d,zig-zag-natural-hemp-wraps,10131,,,,Zig-Zag Natural Hemp Wraps,,Tobacco / Wraps,,,,,,,,1.17,2,,,Zig-Zag,Amazon,,1,1,Default Tax,10,6,6
fb3ae5da-b855-490d-82bb-a8cf52741b97,zig-zag-vanilla-2pck-mini-palm,10109,,,,Zig-Zag Vanilla 2pck mini palm,,Tobacco / Blunts,,,,,,,,2,3,,,Zig-Zag,MJ Wholesale,,1,1,Default Tax,9,,
46841bb5-bb7a-47b4-92b5-4b2bf14c11e1,zushi-18-oz-sell-8,FLZUSHE,,,,Zushi (1/8 oz),,Flower / Eighth / Budget,,,,,,,coa_ref_0_file=Zushi%2010.19%20COA.pdf;thc=31.89%;coa_ref_0_url=/coas/flower/Zushi%2010.19%20COA.pdf;coa_ref_0_lot=46840119-19;usecoa=1;sellable_composite=1;netwt=3.5g,4.69,15,,,Various,,,1,1,Default Tax,128,,
46841bb5-bb7a-47b4-92b5-4b2bf14c11e1,,FLZUSHE,BASE – BASE – Zushi (1/8),FL-ZUSH,1,Zushi (1/8 oz),,,,,,,,,,,,,,,,,,,,,,
75c833a1-3862-446d-9ce3-fcf10eed5ed3,zushi---half-eighth-116-oz,FLZUSHH,,,,Zushi - Half Eighth (1/16 oz),,Flower / Half-Eighth / Budget,,,,,,,,2.35,10,,,,,,1,1,Default Tax,256,,
75c833a1-3862-446d-9ce3-fcf10eed5ed3,,FLZUSHH,BASE – BASE – Zushi (1/8),FL-ZUSH,0.5,Zushi - Half Eighth (1/16 oz),,,,,,,,,,,,,,,,,,,,,,
0d4f7cb8-d42c-4e71-a411-aafdae6ea08c,zushi---ounce-1-oz,FLZUSHOZ,,,,Zushi - Ounce (1 oz),,Flower / Ounce / Budget,,,,,,,,37.52,90,,,,,,1,1,Default Tax,16,,
0d4f7cb8-d42c-4e71-a411-aafdae6ea08c,,FLZUSHOZ,BASE – BASE – Zushi (1/8),FL-ZUSH,8,Zushi - Ounce (1 oz),,,,,,,,,,,,,,,,,,,,,,
837f3b70-9076-461f-8dc4-e56780c10d3d,zushi---quarter-14-oz,FLZUSHQ,,,,Zushi - Quarter (1/4 oz),,Flower / Quarter / Budget,,,,,,,,9.38,25,,,,,,1,1,Default Tax,64,,
837f3b70-9076-461f-8dc4-e56780c10d3d,,FLZUSHQ,BASE – BASE – Zushi (1/8),FL-ZUSH,2,Zushi - Quarter (1/4 oz),,,,,,,,,,,,,,,,,,,,,,
